Time,VAV SYS 1:Des Heat Mass Flow [kg/s],VAV SYS 1:Des Cool Mass Flow [kg/s],VAV SYS 1:Des Heat Cap [W],VAV SYS 1:Des Sens Cool Cap [W] 
00:01:00,5.070371E-01,3.105723E-01,9.494510E+03,3.094379E+03 
00:02:00,5.070371E-01,3.105723E-01,9.494510E+03,3.091040E+03 
00:03:00,5.070371E-01,3.105723E-01,9.494510E+03,3.087701E+03 
00:04:00,5.070371E-01,3.105723E-01,9.494510E+03,3.084361E+03 
00:05:00,5.070371E-01,3.105723E-01,9.494510E+03,3.081022E+03 
00:06:00,5.070371E-01,3.105723E-01,9.494510E+03,3.077683E+03 
00:07:00,5.070371E-01,3.105723E-01,9.494510E+03,3.074344E+03 
00:08:00,5.070371E-01,3.105723E-01,9.494510E+03,3.071004E+03 
00:09:00,5.070371E-01,3.105723E-01,9.494510E+03,3.067665E+03 
00:10:00,5.070371E-01,3.105723E-01,9.494510E+03,3.064326E+03 
00:11:00,5.070371E-01,3.105723E-01,9.494510E+03,3.060987E+03 
00:12:00,5.070371E-01,3.105723E-01,9.494510E+03,3.057647E+03 
00:13:00,5.070371E-01,3.105723E-01,9.494510E+03,3.054308E+03 
00:14:00,5.070371E-01,3.105723E-01,9.494510E+03,3.050969E+03 
00:15:00,5.070371E-01,3.105723E-01,9.494510E+03,3.047629E+03 
00:16:00,5.070371E-01,3.105723E-01,9.494510E+03,3.044290E+03 
00:17:00,5.070371E-01,3.105723E-01,9.494510E+03,3.040951E+03 
00:18:00,5.070371E-01,3.105723E-01,9.494510E+03,3.037612E+03 
00:19:00,5.070371E-01,3.105723E-01,9.494510E+03,3.034272E+03 
00:20:00,5.070371E-01,3.105723E-01,9.494510E+03,3.030933E+03 
00:21:00,5.070371E-01,3.105723E-01,9.494510E+03,3.027594E+03 
00:22:00,5.070371E-01,3.105723E-01,9.494510E+03,3.024255E+03 
00:23:00,5.070371E-01,3.105723E-01,9.494510E+03,3.020915E+03 
00:24:00,5.070371E-01,3.105723E-01,9.494510E+03,3.017576E+03 
00:25:00,5.070371E-01,3.105723E-01,9.494510E+03,3.014237E+03 
00:26:00,5.070371E-01,3.105723E-01,9.494510E+03,3.010898E+03 
00:27:00,5.070371E-01,3.105723E-01,9.494510E+03,3.007558E+03 
00:28:00,5.070371E-01,3.105723E-01,9.494510E+03,3.004219E+03 
00:29:00,5.070371E-01,3.105723E-01,9.494510E+03,3.000880E+03 
00:30:00,5.070371E-01,3.105723E-01,9.494510E+03,2.997540E+03 
00:31:00,5.070371E-01,3.105723E-01,9.494510E+03,2.994201E+03 
00:32:00,5.070371E-01,3.105723E-01,9.494510E+03,2.990862E+03 
00:33:00,5.070371E-01,3.105723E-01,9.494510E+03,2.987523E+03 
00:34:00,5.070371E-01,3.105723E-01,9.494510E+03,2.984183E+03 
00:35:00,5.070371E-01,3.105723E-01,9.494510E+03,2.980844E+03 
00:36:00,5.070371E-01,3.105723E-01,9.494510E+03,2.977505E+03 
00:37:00,5.070371E-01,3.105723E-01,9.494510E+03,2.974166E+03 
00:38:00,5.070371E-01,3.105723E-01,9.494510E+03,2.970826E+03 
00:39:00,5.070371E-01,3.105723E-01,9.494510E+03,2.967487E+03 
00:40:00,5.070371E-01,3.105723E-01,9.494510E+03,2.964148E+03 
00:41:00,5.070371E-01,3.105723E-01,9.494510E+03,2.960808E+03 
00:42:00,5.070371E-01,3.105723E-01,9.494510E+03,2.957469E+03 
00:43:00,5.070371E-01,3.105723E-01,9.494510E+03,2.954130E+03 
00:44:00,5.070371E-01,3.105723E-01,9.494510E+03,2.950791E+03 
00:45:00,5.070371E-01,3.105723E-01,9.494510E+03,2.947451E+03 
00:46:00,5.070371E-01,3.105723E-01,9.494510E+03,2.944112E+03 
00:47:00,5.070371E-01,3.105723E-01,9.494510E+03,2.940773E+03 
00:48:00,5.070371E-01,3.105723E-01,9.494510E+03,2.937434E+03 
00:49:00,5.070371E-01,3.105723E-01,9.494510E+03,2.934094E+03 
00:50:00,5.070371E-01,3.105723E-01,9.494510E+03,2.930755E+03 
00:51:00,5.070371E-01,3.105723E-01,9.494510E+03,2.927416E+03 
00:52:00,5.070371E-01,3.105723E-01,9.494510E+03,2.924077E+03 
00:53:00,5.070371E-01,3.105723E-01,9.494510E+03,2.920737E+03 
00:54:00,5.070371E-01,3.105723E-01,9.494510E+03,2.917398E+03 
00:55:00,5.070371E-01,3.105723E-01,9.494510E+03,2.914059E+03 
00:56:00,5.070371E-01,3.105723E-01,9.494510E+03,2.910719E+03 
00:57:00,5.070371E-01,3.105723E-01,9.494510E+03,2.907380E+03 
00:58:00,5.070371E-01,3.105723E-01,9.494510E+03,2.904041E+03 
00:59:00,5.070371E-01,3.105723E-01,9.494510E+03,2.900702E+03 
01:00:00,5.070371E-01,3.105723E-01,9.494510E+03,2.897362E+03 
01:01:00,5.070371E-01,3.105723E-01,9.494510E+03,2.895136E+03 
01:02:00,5.070371E-01,3.105723E-01,9.494510E+03,2.892910E+03 
01:03:00,5.070371E-01,3.105723E-01,9.494510E+03,2.890684E+03 
01:04:00,5.070371E-01,3.105723E-01,9.494510E+03,2.888458E+03 
01:05:00,5.070371E-01,3.105723E-01,9.494510E+03,2.886231E+03 
01:06:00,5.070371E-01,3.105723E-01,9.494510E+03,2.884005E+03 
01:07:00,5.070371E-01,3.105723E-01,9.494510E+03,2.881779E+03 
01:08:00,5.070371E-01,3.105723E-01,9.494510E+03,2.879553E+03 
01:09:00,5.070371E-01,3.105723E-01,9.494510E+03,2.877327E+03 
01:10:00,5.070371E-01,3.105723E-01,9.494510E+03,2.875101E+03 
01:11:00,5.070371E-01,3.105723E-01,9.494510E+03,2.872874E+03 
01:12:00,5.070371E-01,3.105723E-01,9.494510E+03,2.870648E+03 
01:13:00,5.070371E-01,3.105723E-01,9.494510E+03,2.868422E+03 
01:14:00,5.070371E-01,3.105723E-01,9.494510E+03,2.866196E+03 
01:15:00,5.070371E-01,3.105723E-01,9.494510E+03,2.863970E+03 
01:16:00,5.070371E-01,3.105723E-01,9.494510E+03,2.861743E+03 
01:17:00,5.070371E-01,3.105723E-01,9.494510E+03,2.859517E+03 
01:18:00,5.070371E-01,3.105723E-01,9.494510E+03,2.857291E+03 
01:19:00,5.070371E-01,3.105723E-01,9.494510E+03,2.855065E+03 
01:20:00,5.070371E-01,3.105723E-01,9.494510E+03,2.852839E+03 
01:21:00,5.070371E-01,3.105723E-01,9.494510E+03,2.850613E+03 
01:22:00,5.070371E-01,3.105723E-01,9.494510E+03,2.848386E+03 
01:23:00,5.070371E-01,3.105723E-01,9.494510E+03,2.846160E+03 
01:24:00,5.070371E-01,3.105723E-01,9.494510E+03,2.843934E+03 
01:25:00,5.070371E-01,3.105723E-01,9.494510E+03,2.841708E+03 
01:26:00,5.070371E-01,3.105723E-01,9.494510E+03,2.839482E+03 
01:27:00,5.070371E-01,3.105723E-01,9.494510E+03,2.837255E+03 
01:28:00,5.070371E-01,3.105723E-01,9.494510E+03,2.835029E+03 
01:29:00,5.070371E-01,3.105723E-01,9.494510E+03,2.832803E+03 
01:30:00,5.070371E-01,3.105723E-01,9.494510E+03,2.830577E+03 
01:31:00,5.070371E-01,3.105723E-01,9.494510E+03,2.828351E+03 
01:32:00,5.070371E-01,3.105723E-01,9.494510E+03,2.826125E+03 
01:33:00,5.070371E-01,3.105723E-01,9.494510E+03,2.823898E+03 
01:34:00,5.070371E-01,3.105723E-01,9.494510E+03,2.821672E+03 
01:35:00,5.070371E-01,3.105723E-01,9.494510E+03,2.819446E+03 
01:36:00,5.070371E-01,3.105723E-01,9.494510E+03,2.817220E+03 
01:37:00,5.070371E-01,3.105723E-01,9.494510E+03,2.814994E+03 
01:38:00,5.070371E-01,3.105723E-01,9.494510E+03,2.812768E+03 
01:39:00,5.070371E-01,3.105723E-01,9.494510E+03,2.810541E+03 
01:40:00,5.070371E-01,3.105723E-01,9.494510E+03,2.808315E+03 
01:41:00,5.070371E-01,3.105723E-01,9.494510E+03,2.806089E+03 
01:42:00,5.070371E-01,3.105723E-01,9.494510E+03,2.803863E+03 
01:43:00,5.070371E-01,3.105723E-01,9.494510E+03,2.801637E+03 
01:44:00,5.070371E-01,3.105723E-01,9.494510E+03,2.799410E+03 
01:45:00,5.070371E-01,3.105723E-01,9.494510E+03,2.797184E+03 
01:46:00,5.070371E-01,3.105723E-01,9.494510E+03,2.794958E+03 
01:47:00,5.070371E-01,3.105723E-01,9.494510E+03,2.792732E+03 
01:48:00,5.070371E-01,3.105723E-01,9.494510E+03,2.790506E+03 
01:49:00,5.070371E-01,3.105723E-01,9.494510E+03,2.788280E+03 
01:50:00,5.070371E-01,3.105723E-01,9.494510E+03,2.786053E+03 
01:51:00,5.070371E-01,3.105723E-01,9.494510E+03,2.783827E+03 
01:52:00,5.070371E-01,3.105723E-01,9.494510E+03,2.781601E+03 
01:53:00,5.070371E-01,3.105723E-01,9.494510E+03,2.779375E+03 
01:54:00,5.070371E-01,3.105723E-01,9.494510E+03,2.777149E+03 
01:55:00,5.070371E-01,3.105723E-01,9.494510E+03,2.774922E+03 
01:56:00,5.070371E-01,3.105723E-01,9.494510E+03,2.772696E+03 
01:57:00,5.070371E-01,3.105723E-01,9.494510E+03,2.770470E+03 
01:58:00,5.070371E-01,3.105723E-01,9.494510E+03,2.768244E+03 
01:59:00,5.070371E-01,3.105723E-01,9.494510E+03,2.766018E+03 
02:00:00,5.070371E-01,3.105723E-01,9.494510E+03,2.763792E+03 
02:01:00,5.070371E-01,3.105723E-01,9.494510E+03,2.762122E+03 
02:02:00,5.070371E-01,3.105723E-01,9.494510E+03,2.760452E+03 
02:03:00,5.070371E-01,3.105723E-01,9.494510E+03,2.758783E+03 
02:04:00,5.070371E-01,3.105723E-01,9.494510E+03,2.757113E+03 
02:05:00,5.070371E-01,3.105723E-01,9.494510E+03,2.755443E+03 
02:06:00,5.070371E-01,3.105723E-01,9.494510E+03,2.753774E+03 
02:07:00,5.070371E-01,3.105723E-01,9.494510E+03,2.752104E+03 
02:08:00,5.070371E-01,3.105723E-01,9.494510E+03,2.750434E+03 
02:09:00,5.070371E-01,3.105723E-01,9.494510E+03,2.748765E+03 
02:10:00,5.070371E-01,3.105723E-01,9.494510E+03,2.747095E+03 
02:11:00,5.070371E-01,3.105723E-01,9.494510E+03,2.745426E+03 
02:12:00,5.070371E-01,3.105723E-01,9.494510E+03,2.743756E+03 
02:13:00,5.070371E-01,3.105723E-01,9.494510E+03,2.742086E+03 
02:14:00,5.070371E-01,3.105723E-01,9.494510E+03,2.740417E+03 
02:15:00,5.070371E-01,3.105723E-01,9.494510E+03,2.738747E+03 
02:16:00,5.070371E-01,3.105723E-01,9.494510E+03,2.737077E+03 
02:17:00,5.070371E-01,3.105723E-01,9.494510E+03,2.735408E+03 
02:18:00,5.070371E-01,3.105723E-01,9.494510E+03,2.733738E+03 
02:19:00,5.070371E-01,3.105723E-01,9.494510E+03,2.732069E+03 
02:20:00,5.070371E-01,3.105723E-01,9.494510E+03,2.730399E+03 
02:21:00,5.070371E-01,3.105723E-01,9.494510E+03,2.728729E+03 
02:22:00,5.070371E-01,3.105723E-01,9.494510E+03,2.727060E+03 
02:23:00,5.070371E-01,3.105723E-01,9.494510E+03,2.725390E+03 
02:24:00,5.070371E-01,3.105723E-01,9.494510E+03,2.723720E+03 
02:25:00,5.070371E-01,3.105723E-01,9.494510E+03,2.722051E+03 
02:26:00,5.070371E-01,3.105723E-01,9.494510E+03,2.720381E+03 
02:27:00,5.070371E-01,3.105723E-01,9.494510E+03,2.718711E+03 
02:28:00,5.070371E-01,3.105723E-01,9.494510E+03,2.717042E+03 
02:29:00,5.070371E-01,3.105723E-01,9.494510E+03,2.715372E+03 
02:30:00,5.070371E-01,3.105723E-01,9.494510E+03,2.713703E+03 
02:31:00,5.070371E-01,3.105723E-01,9.494510E+03,2.712033E+03 
02:32:00,5.070371E-01,3.105723E-01,9.494510E+03,2.710363E+03 
02:33:00,5.070371E-01,3.105723E-01,9.494510E+03,2.708694E+03 
02:34:00,5.070371E-01,3.105723E-01,9.494510E+03,2.707024E+03 
02:35:00,5.070371E-01,3.105723E-01,9.494510E+03,2.705354E+03 
02:36:00,5.070371E-01,3.105723E-01,9.494510E+03,2.703685E+03 
02:37:00,5.070371E-01,3.105723E-01,9.494510E+03,2.702015E+03 
02:38:00,5.070371E-01,3.105723E-01,9.494510E+03,2.700345E+03 
02:39:00,5.070371E-01,3.105723E-01,9.494510E+03,2.698676E+03 
02:40:00,5.070371E-01,3.105723E-01,9.494510E+03,2.697006E+03 
02:41:00,5.070371E-01,3.105723E-01,9.494510E+03,2.695337E+03 
02:42:00,5.070371E-01,3.105723E-01,9.494510E+03,2.693667E+03 
02:43:00,5.070371E-01,3.105723E-01,9.494510E+03,2.691997E+03 
02:44:00,5.070371E-01,3.105723E-01,9.494510E+03,2.690328E+03 
02:45:00,5.070371E-01,3.105723E-01,9.494510E+03,2.688658E+03 
02:46:00,5.070371E-01,3.105723E-01,9.494510E+03,2.686988E+03 
02:47:00,5.070371E-01,3.105723E-01,9.494510E+03,2.685319E+03 
02:48:00,5.070371E-01,3.105723E-01,9.494510E+03,2.683649E+03 
02:49:00,5.070371E-01,3.105723E-01,9.494510E+03,2.681979E+03 
02:50:00,5.070371E-01,3.105723E-01,9.494510E+03,2.680310E+03 
02:51:00,5.070371E-01,3.105723E-01,9.494510E+03,2.678640E+03 
02:52:00,5.070371E-01,3.105723E-01,9.494510E+03,2.676971E+03 
02:53:00,5.070371E-01,3.105723E-01,9.494510E+03,2.675301E+03 
02:54:00,5.070371E-01,3.105723E-01,9.494510E+03,2.673631E+03 
02:55:00,5.070371E-01,3.105723E-01,9.494510E+03,2.671962E+03 
02:56:00,5.070371E-01,3.105723E-01,9.494510E+03,2.670292E+03 
02:57:00,5.070371E-01,3.105723E-01,9.494510E+03,2.668622E+03 
02:58:00,5.070371E-01,3.105723E-01,9.494510E+03,2.666953E+03 
02:59:00,5.070371E-01,3.105723E-01,9.494510E+03,2.665283E+03 
03:00:00,5.070371E-01,3.105723E-01,9.494510E+03,2.663613E+03 
03:01:00,5.070371E-01,3.105723E-01,9.494510E+03,2.661944E+03 
03:02:00,5.070371E-01,3.105723E-01,9.494510E+03,2.660274E+03 
03:03:00,5.070371E-01,3.105723E-01,9.494510E+03,2.658605E+03 
03:04:00,5.070371E-01,3.105723E-01,9.494510E+03,2.656935E+03 
03:05:00,5.070371E-01,3.105723E-01,9.494510E+03,2.655265E+03 
03:06:00,5.070371E-01,3.105723E-01,9.494510E+03,2.653596E+03 
03:07:00,5.070371E-01,3.105723E-01,9.494510E+03,2.651926E+03 
03:08:00,5.070371E-01,3.105723E-01,9.494510E+03,2.650256E+03 
03:09:00,5.070371E-01,3.105723E-01,9.494510E+03,2.648587E+03 
03:10:00,5.070371E-01,3.105723E-01,9.494510E+03,2.646917E+03 
03:11:00,5.070371E-01,3.105723E-01,9.494510E+03,2.645248E+03 
03:12:00,5.070371E-01,3.105723E-01,9.494510E+03,2.643578E+03 
03:13:00,5.070371E-01,3.105723E-01,9.494510E+03,2.641908E+03 
03:14:00,5.070371E-01,3.105723E-01,9.494510E+03,2.640239E+03 
03:15:00,5.070371E-01,3.105723E-01,9.494510E+03,2.638569E+03 
03:16:00,5.070371E-01,3.105723E-01,9.494510E+03,2.636899E+03 
03:17:00,5.070371E-01,3.105723E-01,9.494510E+03,2.635230E+03 
03:18:00,5.070371E-01,3.105723E-01,9.494510E+03,2.633560E+03 
03:19:00,5.070371E-01,3.105723E-01,9.494510E+03,2.631890E+03 
03:20:00,5.070371E-01,3.105723E-01,9.494510E+03,2.630221E+03 
03:21:00,5.070371E-01,3.105723E-01,9.494510E+03,2.628551E+03 
03:22:00,5.070371E-01,3.105723E-01,9.494510E+03,2.626882E+03 
03:23:00,5.070371E-01,3.105723E-01,9.494510E+03,2.625212E+03 
03:24:00,5.070371E-01,3.105723E-01,9.494510E+03,2.623542E+03 
03:25:00,5.070371E-01,3.105723E-01,9.494510E+03,2.621873E+03 
03:26:00,5.070371E-01,3.105723E-01,9.494510E+03,2.620203E+03 
03:27:00,5.070371E-01,3.105723E-01,9.494510E+03,2.618533E+03 
03:28:00,5.070371E-01,3.105723E-01,9.494510E+03,2.616864E+03 
03:29:00,5.070371E-01,3.105723E-01,9.494510E+03,2.615194E+03 
03:30:00,5.070371E-01,3.105723E-01,9.494510E+03,2.613524E+03 
03:31:00,5.070371E-01,3.105723E-01,9.494510E+03,2.611855E+03 
03:32:00,5.070371E-01,3.105723E-01,9.494510E+03,2.610185E+03 
03:33:00,5.070371E-01,3.105723E-01,9.494510E+03,2.608516E+03 
03:34:00,5.070371E-01,3.105723E-01,9.494510E+03,2.606846E+03 
03:35:00,5.070371E-01,3.105723E-01,9.494510E+03,2.605176E+03 
03:36:00,5.070371E-01,3.105723E-01,9.494510E+03,2.603507E+03 
03:37:00,5.070371E-01,3.105723E-01,9.494510E+03,2.601837E+03 
03:38:00,5.070371E-01,3.105723E-01,9.494510E+03,2.600167E+03 
03:39:00,5.070371E-01,3.105723E-01,9.494510E+03,2.598498E+03 
03:40:00,5.070371E-01,3.105723E-01,9.494510E+03,2.596828E+03 
03:41:00,5.070371E-01,3.105723E-01,9.494510E+03,2.595158E+03 
03:42:00,5.070371E-01,3.105723E-01,9.494510E+03,2.593489E+03 
03:43:00,5.070371E-01,3.105723E-01,9.494510E+03,2.591819E+03 
03:44:00,5.070371E-01,3.105723E-01,9.494510E+03,2.590150E+03 
03:45:00,5.070371E-01,3.105723E-01,9.494510E+03,2.588480E+03 
03:46:00,5.070371E-01,3.105723E-01,9.494510E+03,2.586810E+03 
03:47:00,5.070371E-01,3.105723E-01,9.494510E+03,2.585141E+03 
03:48:00,5.070371E-01,3.105723E-01,9.494510E+03,2.583471E+03 
03:49:00,5.070371E-01,3.105723E-01,9.494510E+03,2.581801E+03 
03:50:00,5.070371E-01,3.105723E-01,9.494510E+03,2.580132E+03 
03:51:00,5.070371E-01,3.105723E-01,9.494510E+03,2.578462E+03 
03:52:00,5.070371E-01,3.105723E-01,9.494510E+03,2.576792E+03 
03:53:00,5.070371E-01,3.105723E-01,9.494510E+03,2.575123E+03 
03:54:00,5.070371E-01,3.105723E-01,9.494510E+03,2.573453E+03 
03:55:00,5.070371E-01,3.105723E-01,9.494510E+03,2.571784E+03 
03:56:00,5.070371E-01,3.105723E-01,9.494510E+03,2.570114E+03 
03:57:00,5.070371E-01,3.105723E-01,9.494510E+03,2.568444E+03 
03:58:00,5.070371E-01,3.105723E-01,9.494510E+03,2.566775E+03 
03:59:00,5.070371E-01,3.105723E-01,9.494510E+03,2.565105E+03 
04:00:00,5.070371E-01,3.105723E-01,9.494510E+03,2.563435E+03 
04:01:00,5.070371E-01,3.105723E-01,9.494510E+03,2.562322E+03 
04:02:00,5.070371E-01,3.105723E-01,9.494510E+03,2.561209E+03 
04:03:00,5.070371E-01,3.105723E-01,9.494510E+03,2.560096E+03 
04:04:00,5.070371E-01,3.105723E-01,9.494510E+03,2.558983E+03 
04:05:00,5.070371E-01,3.105723E-01,9.494510E+03,2.557870E+03 
04:06:00,5.070371E-01,3.105723E-01,9.494510E+03,2.556757E+03 
04:07:00,5.070371E-01,3.105723E-01,9.494510E+03,2.555644E+03 
04:08:00,5.070371E-01,3.105723E-01,9.494510E+03,2.554531E+03 
04:09:00,5.070371E-01,3.105723E-01,9.494510E+03,2.553418E+03 
04:10:00,5.070371E-01,3.105723E-01,9.494510E+03,2.552305E+03 
04:11:00,5.070371E-01,3.105723E-01,9.494510E+03,2.551191E+03 
04:12:00,5.070371E-01,3.105723E-01,9.494510E+03,2.550078E+03 
04:13:00,5.070371E-01,3.105723E-01,9.494510E+03,2.548965E+03 
04:14:00,5.070371E-01,3.105723E-01,9.494510E+03,2.547852E+03 
04:15:00,5.070371E-01,3.105723E-01,9.494510E+03,2.546739E+03 
04:16:00,5.070371E-01,3.105723E-01,9.494510E+03,2.545626E+03 
04:17:00,5.070371E-01,3.105723E-01,9.494510E+03,2.544513E+03 
04:18:00,5.070371E-01,3.105723E-01,9.494510E+03,2.543400E+03 
04:19:00,5.070371E-01,3.105723E-01,9.494510E+03,2.542287E+03 
04:20:00,5.070371E-01,3.105723E-01,9.494510E+03,2.541174E+03 
04:21:00,5.070371E-01,3.105723E-01,9.494510E+03,2.540061E+03 
04:22:00,5.070371E-01,3.105723E-01,9.494510E+03,2.538947E+03 
04:23:00,5.070371E-01,3.105723E-01,9.494510E+03,2.537834E+03 
04:24:00,5.070371E-01,3.105723E-01,9.494510E+03,2.536721E+03 
04:25:00,5.070371E-01,3.105723E-01,9.494510E+03,2.535608E+03 
04:26:00,5.070371E-01,3.105723E-01,9.494510E+03,2.534495E+03 
04:27:00,5.070371E-01,3.105723E-01,9.494510E+03,2.533382E+03 
04:28:00,5.070371E-01,3.105723E-01,9.494510E+03,2.532269E+03 
04:29:00,5.070371E-01,3.105723E-01,9.494510E+03,2.531156E+03 
04:30:00,5.070371E-01,3.105723E-01,9.494510E+03,2.530043E+03 
04:31:00,5.070371E-01,3.105723E-01,9.494510E+03,2.528930E+03 
04:32:00,5.070371E-01,3.105723E-01,9.494510E+03,2.527817E+03 
04:33:00,5.070371E-01,3.105723E-01,9.494510E+03,2.526703E+03 
04:34:00,5.070371E-01,3.105723E-01,9.494510E+03,2.525590E+03 
04:35:00,5.070371E-01,3.105723E-01,9.494510E+03,2.524477E+03 
04:36:00,5.070371E-01,3.105723E-01,9.494510E+03,2.523364E+03 
04:37:00,5.070371E-01,3.105723E-01,9.494510E+03,2.522251E+03 
04:38:00,5.070371E-01,3.105723E-01,9.494510E+03,2.521138E+03 
04:39:00,5.070371E-01,3.105723E-01,9.494510E+03,2.520025E+03 
04:40:00,5.070371E-01,3.105723E-01,9.494510E+03,2.518912E+03 
04:41:00,5.070371E-01,3.105723E-01,9.494510E+03,2.517799E+03 
04:42:00,5.070371E-01,3.105723E-01,9.494510E+03,2.516686E+03 
04:43:00,5.070371E-01,3.105723E-01,9.494510E+03,2.515573E+03 
04:44:00,5.070371E-01,3.105723E-01,9.494510E+03,2.514459E+03 
04:45:00,5.070371E-01,3.105723E-01,9.494510E+03,2.513346E+03 
04:46:00,5.070371E-01,3.105723E-01,9.494510E+03,2.512233E+03 
04:47:00,5.070371E-01,3.105723E-01,9.494510E+03,2.511120E+03 
04:48:00,5.070371E-01,3.105723E-01,9.494510E+03,2.510007E+03 
04:49:00,5.070371E-01,3.105723E-01,9.494510E+03,2.508894E+03 
04:50:00,5.070371E-01,3.105723E-01,9.494510E+03,2.507781E+03 
04:51:00,5.070371E-01,3.105723E-01,9.494510E+03,2.506668E+03 
04:52:00,5.070371E-01,3.105723E-01,9.494510E+03,2.505555E+03 
04:53:00,5.070371E-01,3.105723E-01,9.494510E+03,2.504442E+03 
04:54:00,5.070371E-01,3.105723E-01,9.494510E+03,2.503329E+03 
04:55:00,5.070371E-01,3.105723E-01,9.494510E+03,2.502215E+03 
04:56:00,5.070371E-01,3.105723E-01,9.494510E+03,2.501102E+03 
04:57:00,5.070371E-01,3.105723E-01,9.494510E+03,2.499989E+03 
04:58:00,5.070371E-01,3.105723E-01,9.494510E+03,2.498876E+03 
04:59:00,5.070371E-01,3.105723E-01,9.494510E+03,2.497763E+03 
05:00:00,5.070371E-01,3.105723E-01,9.494510E+03,2.496650E+03 
05:01:00,5.070371E-01,3.105723E-01,9.494510E+03,2.497763E+03 
05:02:00,5.070371E-01,3.105723E-01,9.494510E+03,2.498876E+03 
05:03:00,5.070371E-01,3.105723E-01,9.494510E+03,2.499989E+03 
05:04:00,5.070371E-01,3.105723E-01,9.494510E+03,2.501102E+03 
05:05:00,5.070371E-01,3.105723E-01,9.494510E+03,2.502215E+03 
05:06:00,5.070371E-01,3.105723E-01,9.494510E+03,2.503329E+03 
05:07:00,5.070371E-01,3.105723E-01,9.494510E+03,2.504442E+03 
05:08:00,5.070371E-01,3.105723E-01,9.494510E+03,2.505555E+03 
05:09:00,5.070371E-01,3.105723E-01,9.494510E+03,2.506668E+03 
05:10:00,5.070371E-01,3.105723E-01,9.494510E+03,2.507781E+03 
05:11:00,5.070371E-01,3.105723E-01,9.494510E+03,2.508894E+03 
05:12:00,5.070371E-01,3.105723E-01,9.494510E+03,2.510007E+03 
05:13:00,5.070371E-01,3.105723E-01,9.494510E+03,2.511120E+03 
05:14:00,5.070371E-01,3.105723E-01,9.494510E+03,2.512233E+03 
05:15:00,5.070371E-01,3.105723E-01,9.494510E+03,2.513346E+03 
05:16:00,5.070371E-01,3.105723E-01,9.494510E+03,2.514459E+03 
05:17:00,5.070371E-01,3.105723E-01,9.494510E+03,2.515573E+03 
05:18:00,5.070371E-01,3.105723E-01,9.494510E+03,2.516686E+03 
05:19:00,5.070371E-01,3.105723E-01,9.494510E+03,2.517799E+03 
05:20:00,5.070371E-01,3.105723E-01,9.494510E+03,2.518912E+03 
05:21:00,5.070371E-01,3.105723E-01,9.494510E+03,2.520025E+03 
05:22:00,5.070371E-01,3.105723E-01,9.494510E+03,2.521138E+03 
05:23:00,5.070371E-01,3.105723E-01,9.494510E+03,2.522251E+03 
05:24:00,5.070371E-01,3.105723E-01,9.494510E+03,2.523364E+03 
05:25:00,5.070371E-01,3.105723E-01,9.494510E+03,2.524477E+03 
05:26:00,5.070371E-01,3.105723E-01,9.494510E+03,2.525590E+03 
05:27:00,5.070371E-01,3.105723E-01,9.494510E+03,2.526703E+03 
05:28:00,5.070371E-01,3.105723E-01,9.494510E+03,2.527817E+03 
05:29:00,5.070371E-01,3.105723E-01,9.494510E+03,2.528930E+03 
05:30:00,5.070371E-01,3.105723E-01,9.494510E+03,2.530043E+03 
05:31:00,5.070371E-01,3.105723E-01,9.494510E+03,2.531156E+03 
05:32:00,5.070371E-01,3.105723E-01,9.494510E+03,2.532269E+03 
05:33:00,5.070371E-01,3.105723E-01,9.494510E+03,2.533382E+03 
05:34:00,5.070371E-01,3.105723E-01,9.494510E+03,2.534495E+03 
05:35:00,5.070371E-01,3.105723E-01,9.494510E+03,2.535608E+03 
05:36:00,5.070371E-01,3.105723E-01,9.494510E+03,2.536721E+03 
05:37:00,5.070371E-01,3.105723E-01,9.494510E+03,2.537834E+03 
05:38:00,5.070371E-01,3.105723E-01,9.494510E+03,2.538947E+03 
05:39:00,5.070371E-01,3.105723E-01,9.494510E+03,2.540061E+03 
05:40:00,5.070371E-01,3.105723E-01,9.494510E+03,2.541174E+03 
05:41:00,5.070371E-01,3.105723E-01,9.494510E+03,2.542287E+03 
05:42:00,5.070371E-01,3.105723E-01,9.494510E+03,2.543400E+03 
05:43:00,5.070371E-01,3.105723E-01,9.494510E+03,2.544513E+03 
05:44:00,5.070371E-01,3.105723E-01,9.494510E+03,2.545626E+03 
05:45:00,5.070371E-01,3.105723E-01,9.494510E+03,2.546739E+03 
05:46:00,5.070371E-01,3.105723E-01,9.494510E+03,2.547852E+03 
05:47:00,5.070371E-01,3.105723E-01,9.494510E+03,2.548965E+03 
05:48:00,5.070371E-01,3.105723E-01,9.494510E+03,2.550078E+03 
05:49:00,5.070371E-01,3.105723E-01,9.494510E+03,2.551191E+03 
05:50:00,5.070371E-01,3.105723E-01,9.494510E+03,2.552305E+03 
05:51:00,5.070371E-01,3.105723E-01,9.494510E+03,2.553418E+03 
05:52:00,5.070371E-01,3.105723E-01,9.494510E+03,2.554531E+03 
05:53:00,5.070371E-01,3.105723E-01,9.494510E+03,2.555644E+03 
05:54:00,5.070371E-01,3.105723E-01,9.494510E+03,2.556757E+03 
05:55:00,5.070371E-01,3.105723E-01,9.494510E+03,2.557870E+03 
05:56:00,5.070371E-01,3.105723E-01,9.494510E+03,2.558983E+03 
05:57:00,5.070371E-01,3.105723E-01,9.494510E+03,2.560096E+03 
05:58:00,5.070371E-01,3.105723E-01,9.494510E+03,2.561209E+03 
05:59:00,5.070371E-01,3.105723E-01,9.494510E+03,2.562322E+03 
06:00:00,5.070371E-01,3.105723E-01,9.494510E+03,2.563435E+03 
06:01:00,5.070371E-01,3.105723E-01,9.494510E+03,2.567331E+03 
06:02:00,5.070371E-01,3.105723E-01,9.494510E+03,2.571227E+03 
06:03:00,5.070371E-01,3.105723E-01,9.494510E+03,2.575123E+03 
06:04:00,5.070371E-01,3.105723E-01,9.494510E+03,2.579019E+03 
06:05:00,5.070371E-01,3.105723E-01,9.494510E+03,2.582914E+03 
06:06:00,5.070371E-01,3.105723E-01,9.494510E+03,2.586810E+03 
06:07:00,5.070371E-01,3.105723E-01,9.494510E+03,2.590706E+03 
06:08:00,5.070371E-01,3.105723E-01,9.494510E+03,2.594602E+03 
06:09:00,5.070371E-01,3.105723E-01,9.494510E+03,2.598498E+03 
06:10:00,5.070371E-01,3.105723E-01,9.494510E+03,2.602394E+03 
06:11:00,5.070371E-01,3.105723E-01,9.494510E+03,2.606289E+03 
06:12:00,5.070371E-01,3.105723E-01,9.494510E+03,2.610185E+03 
06:13:00,5.070371E-01,3.105723E-01,9.494510E+03,2.614081E+03 
06:14:00,5.070371E-01,3.105723E-01,9.494510E+03,2.617977E+03 
06:15:00,5.070371E-01,3.105723E-01,9.494510E+03,2.621873E+03 
06:16:00,5.070371E-01,3.105723E-01,9.494510E+03,2.625768E+03 
06:17:00,5.070371E-01,3.105723E-01,9.494510E+03,2.629664E+03 
06:18:00,5.070371E-01,3.105723E-01,9.494510E+03,2.633560E+03 
06:19:00,5.070371E-01,3.105723E-01,9.494510E+03,2.637456E+03 
06:20:00,5.070371E-01,3.105723E-01,9.494510E+03,2.641352E+03 
06:21:00,5.070371E-01,3.105723E-01,9.494510E+03,2.645248E+03 
06:22:00,5.070371E-01,3.105723E-01,9.494510E+03,2.649143E+03 
06:23:00,5.070371E-01,3.105723E-01,9.494510E+03,2.653039E+03 
06:24:00,5.070371E-01,3.105723E-01,9.494510E+03,2.656935E+03 
06:25:00,5.070371E-01,3.105723E-01,9.494510E+03,2.660831E+03 
06:26:00,5.070371E-01,3.105723E-01,9.494510E+03,2.664727E+03 
06:27:00,5.070371E-01,3.105723E-01,9.494510E+03,2.668622E+03 
06:28:00,5.070371E-01,3.105723E-01,9.494510E+03,2.672518E+03 
06:29:00,5.070371E-01,3.105723E-01,9.494510E+03,2.676414E+03 
06:30:00,5.070371E-01,3.105723E-01,9.494510E+03,2.680310E+03 
06:31:00,5.070371E-01,3.105723E-01,9.494510E+03,2.684206E+03 
06:32:00,5.070371E-01,3.105723E-01,9.494510E+03,2.688101E+03 
06:33:00,5.070371E-01,3.105723E-01,9.494510E+03,2.691997E+03 
06:34:00,5.070371E-01,3.105723E-01,9.494510E+03,2.695893E+03 
06:35:00,5.070371E-01,3.105723E-01,9.494510E+03,2.699789E+03 
06:36:00,5.070371E-01,3.105723E-01,9.494510E+03,2.703685E+03 
06:37:00,5.070371E-01,3.105723E-01,9.494510E+03,2.707581E+03 
06:38:00,5.070371E-01,3.105723E-01,9.494510E+03,2.711476E+03 
06:39:00,5.070371E-01,3.105723E-01,9.494510E+03,2.715372E+03 
06:40:00,5.070371E-01,3.105723E-01,9.494510E+03,2.719268E+03 
06:41:00,5.070371E-01,3.105723E-01,9.494510E+03,2.723164E+03 
06:42:00,5.070371E-01,3.105723E-01,9.494510E+03,2.727060E+03 
06:43:00,5.070371E-01,3.105723E-01,9.494510E+03,2.730955E+03 
06:44:00,5.070371E-01,3.105723E-01,9.494510E+03,2.734851E+03 
06:45:00,5.070371E-01,3.105723E-01,9.494510E+03,2.738747E+03 
06:46:00,5.070371E-01,3.105723E-01,9.494510E+03,2.742643E+03 
06:47:00,5.070371E-01,3.105723E-01,9.494510E+03,2.746539E+03 
06:48:00,5.070371E-01,3.105723E-01,9.494510E+03,2.750434E+03 
06:49:00,5.070371E-01,3.105723E-01,9.494510E+03,2.754330E+03 
06:50:00,5.070371E-01,3.105723E-01,9.494510E+03,2.758226E+03 
06:51:00,5.070371E-01,3.105723E-01,9.494510E+03,2.762122E+03 
06:52:00,5.070371E-01,3.105723E-01,9.494510E+03,2.766018E+03 
06:53:00,5.070371E-01,3.105723E-01,9.494510E+03,2.769914E+03 
06:54:00,5.070371E-01,3.105723E-01,9.494510E+03,2.773809E+03 
06:55:00,5.070371E-01,3.105723E-01,9.494510E+03,2.777705E+03 
06:56:00,5.070371E-01,3.105723E-01,9.494510E+03,2.781601E+03 
06:57:00,5.070371E-01,3.105723E-01,9.494510E+03,2.785497E+03 
06:58:00,5.070371E-01,3.105723E-01,9.494510E+03,2.789393E+03 
06:59:00,5.070371E-01,3.105723E-01,9.494510E+03,2.793288E+03 
07:00:00,5.070371E-01,3.105723E-01,9.494510E+03,2.797184E+03 
07:01:00,5.070371E-01,3.105723E-01,9.494510E+03,2.806646E+03 
07:02:00,5.070371E-01,3.105723E-01,9.494510E+03,2.816107E+03 
07:03:00,5.070371E-01,3.105723E-01,9.494510E+03,2.825568E+03 
07:04:00,5.070371E-01,3.105723E-01,9.494510E+03,2.835029E+03 
07:05:00,5.070371E-01,3.105778E-01,9.494510E+03,2.844544E+03 
07:06:00,5.070371E-01,3.116094E-01,9.494510E+03,2.863893E+03 
07:07:00,5.070371E-01,3.126605E-01,9.494510E+03,2.883456E+03 
07:08:00,5.070371E-01,3.137309E-01,9.494510E+03,2.903232E+03 
07:09:00,5.070371E-01,3.148206E-01,9.494510E+03,2.923219E+03 
07:10:00,5.070371E-01,3.159292E-01,9.494510E+03,2.943417E+03 
07:11:00,5.070371E-01,3.170568E-01,9.494510E+03,2.963823E+03 
07:12:00,5.070371E-01,3.182030E-01,9.494510E+03,2.984437E+03 
07:13:00,5.070371E-01,3.193678E-01,9.494510E+03,3.005226E+03 
07:14:00,5.070371E-01,3.205509E-01,9.494510E+03,3.026225E+03 
07:15:00,5.070371E-01,3.217522E-01,9.494510E+03,3.047416E+03 
07:16:00,5.070371E-01,3.230254E-01,9.494510E+03,3.069335E+03 
07:17:00,5.070371E-01,3.253438E-01,9.494510E+03,3.101510E+03 
07:18:00,5.070371E-01,3.275513E-01,9.494510E+03,3.132622E+03 
07:19:00,5.070371E-01,3.296103E-01,9.494510E+03,3.162351E+03 
07:20:00,5.070371E-01,3.317416E-01,9.494510E+03,3.192832E+03 
07:21:00,5.070371E-01,3.338093E-01,9.494510E+03,3.222744E+03 
07:22:00,5.070371E-01,3.358484E-01,9.494510E+03,3.252423E+03 
07:23:00,5.070371E-01,3.378593E-01,9.494510E+03,3.281871E+03 
07:24:00,5.070371E-01,3.398425E-01,9.494510E+03,3.311092E+03 
07:25:00,5.070371E-01,3.417982E-01,9.494510E+03,3.340082E+03 
07:26:00,5.070371E-01,3.437270E-01,9.494510E+03,3.368849E+03 
07:27:00,5.070371E-01,3.456288E-01,9.494510E+03,3.397390E+03 
07:28:00,5.070371E-01,3.475046E-01,9.494510E+03,3.425709E+03 
07:29:00,5.070371E-01,3.493544E-01,9.494510E+03,3.453808E+03 
07:30:00,5.070371E-01,3.511782E-01,9.494510E+03,3.481684E+03 
07:31:00,5.070371E-01,3.529770E-01,9.494510E+03,3.509345E+03 
07:32:00,5.070371E-01,3.547507E-01,9.494510E+03,3.536787E+03 
07:33:00,5.070371E-01,3.564997E-01,9.494510E+03,3.564015E+03 
07:34:00,5.070371E-01,3.582241E-01,9.494510E+03,3.591027E+03 
07:35:00,5.070371E-01,3.599243E-01,9.494510E+03,3.617827E+03 
07:36:00,5.070371E-01,3.616004E-01,9.494510E+03,3.644413E+03 
07:37:00,5.070371E-01,3.632440E-01,9.494510E+03,3.670698E+03 
07:38:00,5.070371E-01,3.648625E-01,9.494510E+03,3.696758E+03 
07:39:00,5.070371E-01,3.664572E-01,9.494510E+03,3.722602E+03 
07:40:00,5.070371E-01,3.680283E-01,9.494510E+03,3.748235E+03 
07:41:00,5.070371E-01,3.695764E-01,9.494510E+03,3.773657E+03 
07:42:00,5.070371E-01,3.711016E-01,9.494510E+03,3.798871E+03 
07:43:00,5.070371E-01,3.726042E-01,9.494510E+03,3.823878E+03 
07:44:00,5.070371E-01,3.740845E-01,9.494510E+03,3.848681E+03 
07:45:00,5.070371E-01,3.755427E-01,9.494510E+03,3.873280E+03 
07:46:00,5.070371E-01,3.769790E-01,9.494510E+03,3.897677E+03 
07:47:00,5.070371E-01,3.783937E-01,9.494510E+03,3.921873E+03 
07:48:00,5.070371E-01,3.797871E-01,9.494510E+03,3.945870E+03 
07:49:00,5.070371E-01,3.811592E-01,9.494510E+03,3.969669E+03 
07:50:00,5.070371E-01,3.825103E-01,9.494510E+03,3.993271E+03 
07:51:00,5.070371E-01,3.838407E-01,9.494510E+03,4.016678E+03 
07:52:00,5.070371E-01,3.851505E-01,9.494510E+03,4.039890E+03 
07:53:00,5.070371E-01,3.864399E-01,9.494510E+03,4.062910E+03 
07:54:00,5.070371E-01,3.877092E-01,9.494510E+03,4.085738E+03 
07:55:00,5.070371E-01,3.889584E-01,9.494510E+03,4.108376E+03 
07:56:00,5.070371E-01,3.901878E-01,9.494510E+03,4.130824E+03 
07:57:00,5.070371E-01,3.913976E-01,9.494510E+03,4.153085E+03 
07:58:00,5.070371E-01,3.925880E-01,9.494510E+03,4.175159E+03 
07:59:00,5.070371E-01,3.937591E-01,9.494510E+03,4.197048E+03 
08:00:00,5.070371E-01,3.949111E-01,9.494510E+03,4.218753E+03 
08:01:00,5.070371E-01,3.983238E-01,9.494510E+03,4.265760E+03 
08:02:00,5.070371E-01,4.017847E-01,9.494510E+03,4.313489E+03 
08:03:00,5.070371E-01,4.052676E-01,9.494510E+03,4.361758E+03 
08:04:00,5.070371E-01,4.087647E-01,9.494510E+03,4.410526E+03 
08:05:00,5.070371E-01,4.122638E-01,9.494510E+03,4.459669E+03 
08:06:00,5.070371E-01,4.157658E-01,9.494510E+03,4.509191E+03 
08:07:00,5.070371E-01,4.192695E-01,9.494510E+03,4.560602E+03 
08:08:00,5.070371E-01,4.227738E-01,9.494510E+03,4.615577E+03 
08:09:00,5.070371E-01,4.262780E-01,9.494510E+03,4.668913E+03 
08:10:00,5.070371E-01,4.297818E-01,9.494510E+03,4.724795E+03 
08:11:00,5.070371E-01,4.332847E-01,9.494510E+03,4.779061E+03 
08:12:00,5.070371E-01,4.367863E-01,9.494510E+03,4.833534E+03 
08:13:00,5.070371E-01,4.402865E-01,9.494510E+03,4.891834E+03 
08:14:00,5.070371E-01,4.437850E-01,9.494510E+03,4.952016E+03 
08:15:00,5.070371E-01,4.472814E-01,9.494510E+03,5.017750E+03 
08:16:00,5.070371E-01,4.507757E-01,9.494510E+03,5.080137E+03 
08:17:00,5.070371E-01,4.542677E-01,9.494510E+03,5.142519E+03 
08:18:00,5.070371E-01,4.577572E-01,9.494510E+03,5.204907E+03 
08:19:00,5.070371E-01,4.612441E-01,9.494510E+03,5.267328E+03 
08:20:00,5.070371E-01,4.647283E-01,9.494510E+03,5.329794E+03 
08:21:00,5.070371E-01,4.682097E-01,9.494510E+03,5.392317E+03 
08:22:00,5.070371E-01,4.716880E-01,9.494510E+03,5.454903E+03 
08:23:00,5.070371E-01,4.751632E-01,9.494510E+03,5.517559E+03 
08:24:00,5.070371E-01,4.786352E-01,9.494510E+03,5.580289E+03 
08:25:00,5.070371E-01,4.821035E-01,9.494510E+03,5.643092E+03 
08:26:00,5.070371E-01,4.855684E-01,9.494510E+03,5.705975E+03 
08:27:00,5.070371E-01,4.890295E-01,9.494510E+03,5.768935E+03 
08:28:00,5.070371E-01,4.924869E-01,9.494510E+03,5.831975E+03 
08:29:00,5.070371E-01,4.959401E-01,9.494510E+03,5.895092E+03 
08:30:00,5.070371E-01,4.993895E-01,9.494510E+03,5.958288E+03 
08:31:00,5.070371E-01,5.028344E-01,9.494510E+03,6.021559E+03 
08:32:00,5.070371E-01,5.062752E-01,9.494510E+03,6.084908E+03 
08:33:00,5.070371E-01,5.097114E-01,9.494510E+03,6.148327E+03 
08:34:00,5.070371E-01,5.131431E-01,9.494510E+03,6.211821E+03 
08:35:00,5.070371E-01,5.165699E-01,9.494510E+03,6.275383E+03 
08:36:00,5.070371E-01,5.199921E-01,9.494510E+03,6.339015E+03 
08:37:00,5.070371E-01,5.234182E-01,9.494510E+03,6.402820E+03 
08:38:00,5.070371E-01,5.268410E-01,9.494510E+03,6.466709E+03 
08:39:00,5.070371E-01,5.302592E-01,9.494510E+03,6.530667E+03 
08:40:00,5.070371E-01,5.336728E-01,9.494510E+03,6.594693E+03 
08:41:00,5.070371E-01,5.370814E-01,9.494510E+03,6.658780E+03 
08:42:00,5.070371E-01,5.404851E-01,9.494510E+03,6.722928E+03 
08:43:00,5.070371E-01,5.438834E-01,9.494510E+03,6.787132E+03 
08:44:00,5.070371E-01,5.472764E-01,9.494510E+03,6.851390E+03 
08:45:00,5.070371E-01,5.506642E-01,9.494510E+03,6.915704E+03 
08:46:00,5.070371E-01,5.540465E-01,9.494510E+03,6.980067E+03 
08:47:00,5.070371E-01,5.574232E-01,9.494510E+03,7.044479E+03 
08:48:00,5.070371E-01,5.607942E-01,9.494510E+03,7.108938E+03 
08:49:00,5.070371E-01,5.641596E-01,9.494510E+03,7.173443E+03 
08:50:00,5.070371E-01,5.675194E-01,9.494510E+03,7.237992E+03 
08:51:00,5.070371E-01,5.708734E-01,9.494510E+03,7.302583E+03 
08:52:00,5.070371E-01,5.742214E-01,9.494510E+03,7.367213E+03 
08:53:00,5.070371E-01,5.775638E-01,9.494510E+03,7.431885E+03 
08:54:00,5.070371E-01,5.809004E-01,9.494510E+03,7.496596E+03 
08:55:00,5.070371E-01,5.842311E-01,9.494510E+03,7.561343E+03 
08:56:00,5.070371E-01,5.880509E-01,9.494510E+03,7.632911E+03 
08:57:00,5.070371E-01,5.922097E-01,9.494510E+03,7.709309E+03 
08:58:00,5.070371E-01,5.963696E-01,9.494510E+03,7.785924E+03 
08:59:00,5.070371E-01,6.010723E-01,9.494510E+03,7.870331E+03 
09:00:00,5.070371E-01,6.070413E-01,9.494510E+03,7.972782E+03 
09:01:00,5.070371E-01,6.125856E-01,9.494510E+03,8.064548E+03 
09:02:00,5.070371E-01,6.180916E-01,9.494510E+03,8.156038E+03 
09:03:00,5.070371E-01,6.235854E-01,9.494510E+03,8.247324E+03 
09:04:00,5.070371E-01,6.290695E-01,9.494510E+03,8.338356E+03 
09:05:00,5.070371E-01,6.345467E-01,9.494510E+03,8.429161E+03 
09:06:00,5.070371E-01,6.400079E-01,9.494510E+03,8.519649E+03 
09:07:00,5.070371E-01,6.452972E-01,9.494510E+03,8.603287E+03 
09:08:00,5.070371E-01,6.498778E-01,9.494510E+03,8.668437E+03 
09:09:00,5.070371E-01,6.538985E-01,9.494510E+03,8.730249E+03 
09:10:00,5.070371E-01,6.586723E-01,9.494510E+03,8.796800E+03 
09:11:00,5.070371E-01,6.630898E-01,9.494510E+03,8.863139E+03 
09:12:00,5.070371E-01,6.674506E-01,9.494510E+03,8.928713E+03 
09:13:00,5.070371E-01,6.717566E-01,9.494510E+03,8.986929E+03 
09:14:00,5.070371E-01,6.760087E-01,9.494510E+03,9.041554E+03 
09:15:00,5.070371E-01,6.802099E-01,9.494510E+03,9.086193E+03 
09:16:00,5.070371E-01,6.843600E-01,9.494510E+03,9.136800E+03 
09:17:00,5.070371E-01,6.884614E-01,9.494510E+03,9.187347E+03 
09:18:00,5.070371E-01,6.948249E-01,9.494510E+03,9.272168E+03 
09:19:00,5.070371E-01,7.013302E-01,9.494510E+03,9.359314E+03 
09:20:00,5.070371E-01,7.077598E-01,9.494510E+03,9.445510E+03 
09:21:00,5.070371E-01,7.141169E-01,9.494510E+03,9.530784E+03 
09:22:00,5.070371E-01,7.204025E-01,9.494510E+03,9.615136E+03 
09:23:00,5.070371E-01,7.266194E-01,9.494510E+03,9.698595E+03 
09:24:00,5.070371E-01,7.327690E-01,9.494510E+03,9.781172E+03 
09:25:00,5.070371E-01,7.388540E-01,9.494510E+03,9.862894E+03 
09:26:00,5.070371E-01,7.448749E-01,9.494510E+03,9.943765E+03 
09:27:00,5.070371E-01,7.508347E-01,9.494510E+03,1.002382E+04 
09:28:00,5.070371E-01,7.567344E-01,9.494510E+03,1.010307E+04 
09:29:00,5.070371E-01,7.625759E-01,9.494510E+03,1.018153E+04 
09:30:00,5.070371E-01,7.683606E-01,9.494510E+03,1.025923E+04 
09:31:00,5.070371E-01,7.740910E-01,9.494510E+03,1.033619E+04 
09:32:00,5.070371E-01,7.797670E-01,9.494510E+03,1.041241E+04 
09:33:00,5.070371E-01,7.853913E-01,9.494510E+03,1.048793E+04 
09:34:00,5.070371E-01,7.909652E-01,9.494510E+03,1.056276E+04 
09:35:00,5.070371E-01,7.964896E-01,9.494510E+03,1.063691E+04 
09:36:00,5.070371E-01,8.019660E-01,9.494510E+03,1.071041E+04 
09:37:00,5.070371E-01,8.073969E-01,9.494510E+03,1.078327E+04 
09:38:00,5.070371E-01,8.127816E-01,9.494510E+03,1.085550E+04 
09:39:00,5.070371E-01,8.181228E-01,9.494510E+03,1.092714E+04 
09:40:00,5.070371E-01,8.234215E-01,9.494510E+03,1.099818E+04 
09:41:00,5.070371E-01,8.286785E-01,9.494510E+03,1.106865E+04 
09:42:00,5.070371E-01,8.338948E-01,9.494510E+03,1.113855E+04 
09:43:00,5.070371E-01,8.390729E-01,9.494510E+03,1.120792E+04 
09:44:00,5.070371E-01,8.442122E-01,9.494510E+03,1.127675E+04 
09:45:00,5.070371E-01,8.493148E-01,9.494510E+03,1.134507E+04 
09:46:00,5.070371E-01,8.543817E-01,9.494510E+03,1.141289E+04 
09:47:00,5.070371E-01,8.594141E-01,9.494510E+03,1.148023E+04 
09:48:00,5.070371E-01,8.644119E-01,9.494510E+03,1.154708E+04 
09:49:00,5.070371E-01,8.693780E-01,9.494510E+03,1.161349E+04 
09:50:00,5.070371E-01,8.743116E-01,9.494510E+03,1.167944E+04 
09:51:00,5.070371E-01,8.792149E-01,9.494510E+03,1.174496E+04 
09:52:00,5.070371E-01,8.840881E-01,9.494510E+03,1.181005E+04 
09:53:00,5.070371E-01,8.889326E-01,9.494510E+03,1.187473E+04 
09:54:00,5.070371E-01,8.937495E-01,9.494510E+03,1.193903E+04 
09:55:00,5.070371E-01,8.985395E-01,9.494510E+03,1.200293E+04 
09:56:00,5.070371E-01,9.033038E-01,9.494510E+03,1.206647E+04 
09:57:00,5.070371E-01,9.080432E-01,9.494510E+03,1.212964E+04 
09:58:00,5.070371E-01,9.127586E-01,9.494510E+03,1.219247E+04 
09:59:00,5.070371E-01,9.174510E-01,9.494510E+03,1.225497E+04 
10:00:00,5.070371E-01,9.221206E-01,9.494510E+03,1.231713E+04 
10:01:00,5.070371E-01,9.237176E-01,9.494510E+03,1.234483E+04 
10:02:00,5.070371E-01,9.253438E-01,9.494510E+03,1.237285E+04 
10:03:00,5.070371E-01,9.269318E-01,9.494510E+03,1.240044E+04 
10:04:00,5.070371E-01,9.284944E-01,9.494510E+03,1.242774E+04 
10:05:00,5.070371E-01,9.300309E-01,9.494510E+03,1.245473E+04 
10:06:00,5.070371E-01,9.315542E-01,9.494510E+03,1.248158E+04 
10:07:00,5.070371E-01,9.330554E-01,9.494510E+03,1.250817E+04 
10:08:00,5.070371E-01,9.345359E-01,9.494510E+03,1.253453E+04 
10:09:00,5.070371E-01,9.359953E-01,9.494510E+03,1.256064E+04 
10:10:00,5.070371E-01,9.374345E-01,9.494510E+03,1.258652E+04 
10:11:00,5.070371E-01,9.388537E-01,9.494510E+03,1.261217E+04 
10:12:00,5.070371E-01,9.402537E-01,9.494510E+03,1.263759E+04 
10:13:00,5.070371E-01,9.416347E-01,9.494510E+03,1.266280E+04 
10:14:00,5.070371E-01,9.429974E-01,9.494510E+03,1.268780E+04 
10:15:00,5.070371E-01,9.443421E-01,9.494510E+03,1.271259E+04 
10:16:00,5.070371E-01,9.456695E-01,9.494510E+03,1.273718E+04 
10:17:00,5.070371E-01,9.469794E-01,9.494510E+03,1.276157E+04 
10:18:00,5.070371E-01,9.482729E-01,9.494510E+03,1.278578E+04 
10:19:00,5.070371E-01,9.495501E-01,9.494510E+03,1.280979E+04 
10:20:00,5.070371E-01,9.508118E-01,9.494510E+03,1.283362E+04 
10:21:00,5.070371E-01,9.520574E-01,9.494510E+03,1.285727E+04 
10:22:00,5.070371E-01,9.532885E-01,9.494510E+03,1.288076E+04 
10:23:00,5.070371E-01,9.545044E-01,9.494510E+03,1.290406E+04 
10:24:00,5.070371E-01,9.557061E-01,9.494510E+03,1.292721E+04 
10:25:00,5.070371E-01,9.568934E-01,9.494510E+03,1.295018E+04 
10:26:00,5.070371E-01,9.580673E-01,9.494510E+03,1.297301E+04 
10:27:00,5.070371E-01,9.592275E-01,9.494510E+03,1.299567E+04 
10:28:00,5.070371E-01,9.603742E-01,9.494510E+03,1.301818E+04 
10:29:00,5.070371E-01,9.615082E-01,9.494510E+03,1.304055E+04 
10:30:00,5.070371E-01,9.626293E-01,9.494510E+03,1.306276E+04 
10:31:00,5.070371E-01,9.637374E-01,9.494510E+03,1.308483E+04 
10:32:00,5.070371E-01,9.648338E-01,9.494510E+03,1.310676E+04 
10:33:00,5.070371E-01,9.659176E-01,9.494510E+03,1.312854E+04 
10:34:00,5.070371E-01,9.669895E-01,9.494510E+03,1.315019E+04 
10:35:00,5.070371E-01,9.680497E-01,9.494510E+03,1.317171E+04 
10:36:00,5.070371E-01,9.690984E-01,9.494510E+03,1.319309E+04 
10:37:00,5.070371E-01,9.701352E-01,9.494510E+03,1.321433E+04 
10:38:00,5.070371E-01,9.711613E-01,9.494510E+03,1.323545E+04 
10:39:00,5.070371E-01,9.721758E-01,9.494510E+03,1.325644E+04 
10:40:00,5.070371E-01,9.731793E-01,9.494510E+03,1.327730E+04 
10:41:00,5.070371E-01,9.741720E-01,9.494510E+03,1.329803E+04 
10:42:00,5.070371E-01,9.751539E-01,9.494510E+03,1.331865E+04 
10:43:00,5.070371E-01,9.761246E-01,9.494510E+03,1.333913E+04 
10:44:00,5.070371E-01,9.770852E-01,9.494510E+03,1.335949E+04 
10:45:00,5.070371E-01,9.780351E-01,9.494510E+03,1.337974E+04 
10:46:00,5.070371E-01,9.789741E-01,9.494510E+03,1.339985E+04 
10:47:00,5.070371E-01,9.799028E-01,9.494510E+03,1.341985E+04 
10:48:00,5.070371E-01,9.808214E-01,9.494510E+03,1.343973E+04 
10:49:00,5.070371E-01,9.817290E-01,9.494510E+03,1.345949E+04 
10:50:00,5.070371E-01,9.826265E-01,9.494510E+03,1.347912E+04 
10:51:00,5.070371E-01,9.835136E-01,9.494510E+03,1.349864E+04 
10:52:00,5.070371E-01,9.843902E-01,9.494510E+03,1.351804E+04 
10:53:00,5.070371E-01,9.852565E-01,9.494510E+03,1.353732E+04 
10:54:00,5.070371E-01,9.861117E-01,9.494510E+03,1.355647E+04 
10:55:00,5.070371E-01,9.869566E-01,9.494510E+03,1.357550E+04 
10:56:00,5.070371E-01,9.877899E-01,9.494510E+03,1.359440E+04 
10:57:00,5.070371E-01,9.886129E-01,9.494510E+03,1.361318E+04 
10:58:00,5.070371E-01,9.894243E-01,9.494510E+03,1.363182E+04 
10:59:00,5.070371E-01,9.902251E-01,9.494510E+03,1.365035E+04 
11:00:00,5.070371E-01,9.910145E-01,9.494510E+03,1.366874E+04 
11:01:00,5.070371E-01,9.908303E-01,9.494510E+03,1.367129E+04 
11:02:00,5.070371E-01,9.906142E-01,9.494510E+03,1.367347E+04 
11:03:00,5.070371E-01,9.903719E-01,9.494510E+03,1.367535E+04 
11:04:00,5.070371E-01,9.901063E-01,9.494510E+03,1.367696E+04 
11:05:00,5.070371E-01,9.898201E-01,9.494510E+03,1.367834E+04 
11:06:00,5.070371E-01,9.895133E-01,9.494510E+03,1.367948E+04 
11:07:00,5.070371E-01,9.891872E-01,9.494510E+03,1.368039E+04 
11:08:00,5.070371E-01,9.888421E-01,9.494510E+03,1.368109E+04 
11:09:00,5.070371E-01,9.884779E-01,9.494510E+03,1.368157E+04 
11:10:00,5.070371E-01,9.880961E-01,9.494510E+03,1.368184E+04 
11:11:00,5.070371E-01,9.876960E-01,9.494510E+03,1.368190E+04 
11:12:00,5.070371E-01,9.872790E-01,9.494510E+03,1.368177E+04 
11:13:00,5.070371E-01,9.868443E-01,9.494510E+03,1.368144E+04 
11:14:00,5.070371E-01,9.863933E-01,9.494510E+03,1.368092E+04 
11:15:00,5.070371E-01,9.859252E-01,9.494510E+03,1.368020E+04 
11:16:00,5.070371E-01,9.854414E-01,9.494510E+03,1.367930E+04 
11:17:00,5.070371E-01,9.849416E-01,9.494510E+03,1.367821E+04 
11:18:00,5.070371E-01,9.844261E-01,9.494510E+03,1.367695E+04 
11:19:00,5.070371E-01,9.838952E-01,9.494510E+03,1.367550E+04 
11:20:00,5.070371E-01,9.833491E-01,9.494510E+03,1.367388E+04 
11:21:00,5.070371E-01,9.827881E-01,9.494510E+03,1.367209E+04 
11:22:00,5.070371E-01,9.822124E-01,9.494510E+03,1.367013E+04 
11:23:00,5.070371E-01,9.816223E-01,9.494510E+03,1.366801E+04 
11:24:00,5.070371E-01,9.810180E-01,9.494510E+03,1.366572E+04 
11:25:00,5.070371E-01,9.803997E-01,9.494510E+03,1.366327E+04 
11:26:00,5.070371E-01,9.797676E-01,9.494510E+03,1.366066E+04 
11:27:00,5.070371E-01,9.791221E-01,9.494510E+03,1.365789E+04 
11:28:00,5.070371E-01,9.784632E-01,9.494510E+03,1.365497E+04 
11:29:00,5.070371E-01,9.777912E-01,9.494510E+03,1.365190E+04 
11:30:00,5.070371E-01,9.771063E-01,9.494510E+03,1.364868E+04 
11:31:00,5.070371E-01,9.764089E-01,9.494510E+03,1.364531E+04 
11:32:00,5.070371E-01,9.756988E-01,9.494510E+03,1.364180E+04 
11:33:00,5.070371E-01,9.749767E-01,9.494510E+03,1.363815E+04 
11:34:00,5.070371E-01,9.742423E-01,9.494510E+03,1.363436E+04 
11:35:00,5.070371E-01,9.734961E-01,9.494510E+03,1.363043E+04 
11:36:00,5.070371E-01,9.727381E-01,9.494510E+03,1.362636E+04 
11:37:00,5.070371E-01,9.719687E-01,9.494510E+03,1.362216E+04 
11:38:00,5.070371E-01,9.711878E-01,9.494510E+03,1.361783E+04 
11:39:00,5.070371E-01,9.703960E-01,9.494510E+03,1.361337E+04 
11:40:00,5.070371E-01,9.695930E-01,9.494510E+03,1.360879E+04 
11:41:00,5.070371E-01,9.687795E-01,9.494510E+03,1.360408E+04 
11:42:00,5.070371E-01,9.679552E-01,9.494510E+03,1.359924E+04 
11:43:00,5.070371E-01,9.671207E-01,9.494510E+03,1.359429E+04 
11:44:00,5.070371E-01,9.662758E-01,9.494510E+03,1.358922E+04 
11:45:00,5.070371E-01,9.654211E-01,9.494510E+03,1.358403E+04 
11:46:00,5.070371E-01,9.645562E-01,9.494510E+03,1.357873E+04 
11:47:00,5.070371E-01,9.636820E-01,9.494510E+03,1.357331E+04 
11:48:00,5.070371E-01,9.627980E-01,9.494510E+03,1.356778E+04 
11:49:00,5.070371E-01,9.619049E-01,9.494510E+03,1.356215E+04 
11:50:00,5.070371E-01,9.610024E-01,9.494510E+03,1.355641E+04 
11:51:00,5.070371E-01,9.600911E-01,9.494510E+03,1.355056E+04 
11:52:00,5.070371E-01,9.591708E-01,9.494510E+03,1.354462E+04 
11:53:00,5.070371E-01,9.582420E-01,9.494510E+03,1.353857E+04 
11:54:00,5.070371E-01,9.573047E-01,9.494510E+03,1.353242E+04 
11:55:00,5.070371E-01,9.563592E-01,9.494510E+03,1.352618E+04 
11:56:00,5.070371E-01,9.554057E-01,9.494510E+03,1.351984E+04 
11:57:00,5.070371E-01,9.544441E-01,9.494510E+03,1.351341E+04 
11:58:00,5.070371E-01,9.534748E-01,9.494510E+03,1.350689E+04 
11:59:00,5.070371E-01,9.524977E-01,9.494510E+03,1.350028E+04 
12:00:00,5.070371E-01,9.515135E-01,9.494510E+03,1.349359E+04 
12:01:00,5.070371E-01,9.495594E-01,9.494510E+03,1.347277E+04 
12:02:00,5.070371E-01,9.475772E-01,9.494510E+03,1.345163E+04 
12:03:00,5.070371E-01,9.455737E-01,9.494510E+03,1.343025E+04 
12:04:00,5.070371E-01,9.435528E-01,9.494510E+03,1.340867E+04 
12:05:00,5.070371E-01,9.415160E-01,9.494510E+03,1.338692E+04 
12:06:00,5.070371E-01,9.394645E-01,9.494510E+03,1.336500E+04 
12:07:00,5.070371E-01,9.373990E-01,9.494510E+03,1.334292E+04 
12:08:00,5.070371E-01,9.353203E-01,9.494510E+03,1.332069E+04 
12:09:00,5.070371E-01,9.332289E-01,9.494510E+03,1.329831E+04 
12:10:00,5.070371E-01,9.311252E-01,9.494510E+03,1.327580E+04 
12:11:00,5.070371E-01,9.290098E-01,9.494510E+03,1.325316E+04 
12:12:00,5.070371E-01,9.268830E-01,9.494510E+03,1.323038E+04 
12:13:00,5.070371E-01,9.247453E-01,9.494510E+03,1.320749E+04 
12:14:00,5.070371E-01,9.225969E-01,9.494510E+03,1.318447E+04 
12:15:00,5.070371E-01,9.204384E-01,9.494510E+03,1.316134E+04 
12:16:00,5.070371E-01,9.182701E-01,9.494510E+03,1.313809E+04 
12:17:00,5.070371E-01,9.160925E-01,9.494510E+03,1.311475E+04 
12:18:00,5.070371E-01,9.139059E-01,9.494510E+03,1.309130E+04 
12:19:00,5.070371E-01,9.117107E-01,9.494510E+03,1.306775E+04 
12:20:00,5.070371E-01,9.095073E-01,9.494510E+03,1.304411E+04 
12:21:00,5.070371E-01,9.072961E-01,9.494510E+03,1.302038E+04 
12:22:00,5.070371E-01,9.050774E-01,9.494510E+03,1.299657E+04 
12:23:00,5.070371E-01,9.028551E-01,9.494510E+03,1.297271E+04 
12:24:00,5.070371E-01,9.006287E-01,9.494510E+03,1.294881E+04 
12:25:00,5.070371E-01,8.983987E-01,9.494510E+03,1.292487E+04 
12:26:00,5.070371E-01,8.961651E-01,9.494510E+03,1.290089E+04 
12:27:00,5.070371E-01,8.939285E-01,9.494510E+03,1.287688E+04 
12:28:00,5.070371E-01,8.916889E-01,9.494510E+03,1.285283E+04 
12:29:00,5.070371E-01,8.894467E-01,9.494510E+03,1.282876E+04 
12:30:00,5.070371E-01,8.872023E-01,9.494510E+03,1.280466E+04 
12:31:00,5.070371E-01,8.849558E-01,9.494510E+03,1.278054E+04 
12:32:00,5.070371E-01,8.827076E-01,9.494510E+03,1.275639E+04 
12:33:00,5.070371E-01,8.804578E-01,9.494510E+03,1.273223E+04 
12:34:00,5.070371E-01,8.782067E-01,9.494510E+03,1.270806E+04 
12:35:00,5.070371E-01,8.759547E-01,9.494510E+03,1.268388E+04 
12:36:00,5.070371E-01,8.737019E-01,9.494510E+03,1.265969E+04 
12:37:00,5.070371E-01,8.714486E-01,9.494510E+03,1.263549E+04 
12:38:00,5.070371E-01,8.691952E-01,9.494510E+03,1.261130E+04 
12:39:00,5.070371E-01,8.669417E-01,9.494510E+03,1.258710E+04 
12:40:00,5.070371E-01,8.646886E-01,9.494510E+03,1.256291E+04 
12:41:00,5.070371E-01,8.624358E-01,9.494510E+03,1.253872E+04 
12:42:00,5.070371E-01,8.601840E-01,9.494510E+03,1.251455E+04 
12:43:00,5.070371E-01,8.579330E-01,9.494510E+03,1.249039E+04 
12:44:00,5.070371E-01,8.556834E-01,9.494510E+03,1.246624E+04 
12:45:00,5.070371E-01,8.534351E-01,9.494510E+03,1.244211E+04 
12:46:00,5.070371E-01,8.511887E-01,9.494510E+03,1.241800E+04 
12:47:00,5.070371E-01,8.489441E-01,9.494510E+03,1.239391E+04 
12:48:00,5.070371E-01,8.467020E-01,9.494510E+03,1.236986E+04 
12:49:00,5.070371E-01,8.444629E-01,9.494510E+03,1.234584E+04 
12:50:00,5.070371E-01,8.422272E-01,9.494510E+03,1.232185E+04 
12:51:00,5.070371E-01,8.399952E-01,9.494510E+03,1.229792E+04 
12:52:00,5.070371E-01,8.377671E-01,9.494510E+03,1.227403E+04 
12:53:00,5.070371E-01,8.355433E-01,9.494510E+03,1.225019E+04 
12:54:00,5.070371E-01,8.333240E-01,9.494510E+03,1.222640E+04 
12:55:00,5.070371E-01,8.311091E-01,9.494510E+03,1.220267E+04 
12:56:00,5.070371E-01,8.288993E-01,9.494510E+03,1.217899E+04 
12:57:00,5.070371E-01,8.266946E-01,9.494510E+03,1.215538E+04 
12:58:00,5.070371E-01,8.244950E-01,9.494510E+03,1.213183E+04 
12:59:00,5.070371E-01,8.223009E-01,9.494510E+03,1.210834E+04 
13:00:00,5.070371E-01,8.201124E-01,9.494510E+03,1.208491E+04 
13:01:00,5.070371E-01,8.216367E-01,9.494510E+03,1.210714E+04 
13:02:00,5.070371E-01,8.232258E-01,9.494510E+03,1.213012E+04 
13:03:00,5.070371E-01,8.248661E-01,9.494510E+03,1.215370E+04 
13:04:00,5.070371E-01,8.265450E-01,9.494510E+03,1.217774E+04 
13:05:00,5.070371E-01,8.282592E-01,9.494510E+03,1.220219E+04 
13:06:00,5.070371E-01,8.300061E-01,9.494510E+03,1.222702E+04 
13:07:00,5.070371E-01,8.317840E-01,9.494510E+03,1.225221E+04 
13:08:00,5.070371E-01,8.335919E-01,9.494510E+03,1.227775E+04 
13:09:00,5.070371E-01,8.354289E-01,9.494510E+03,1.230363E+04 
13:10:00,5.070371E-01,8.372942E-01,9.494510E+03,1.232983E+04 
13:11:00,5.070371E-01,8.391872E-01,9.494510E+03,1.235636E+04 
13:12:00,5.070371E-01,8.411075E-01,9.494510E+03,1.238321E+04 
13:13:00,5.070371E-01,8.430544E-01,9.494510E+03,1.241036E+04 
13:14:00,5.070371E-01,8.450275E-01,9.494510E+03,1.243782E+04 
13:15:00,5.070371E-01,8.470264E-01,9.494510E+03,1.246558E+04 
13:16:00,5.070371E-01,8.490506E-01,9.494510E+03,1.249363E+04 
13:17:00,5.070371E-01,8.510997E-01,9.494510E+03,1.252196E+04 
13:18:00,5.070371E-01,8.531734E-01,9.494510E+03,1.255058E+04 
13:19:00,5.070371E-01,8.552712E-01,9.494510E+03,1.257948E+04 
13:20:00,5.070371E-01,8.573928E-01,9.494510E+03,1.260865E+04 
13:21:00,5.070371E-01,8.595379E-01,9.494510E+03,1.263809E+04 
13:22:00,5.070371E-01,8.617061E-01,9.494510E+03,1.266780E+04 
13:23:00,5.070371E-01,8.638937E-01,9.494510E+03,1.269773E+04 
13:24:00,5.070371E-01,8.661010E-01,9.494510E+03,1.272788E+04 
13:25:00,5.070371E-01,8.683278E-01,9.494510E+03,1.275826E+04 
13:26:00,5.070371E-01,8.705740E-01,9.494510E+03,1.278885E+04 
13:27:00,5.070371E-01,8.728391E-01,9.494510E+03,1.281967E+04 
13:28:00,5.070371E-01,8.751231E-01,9.494510E+03,1.285069E+04 
13:29:00,5.070371E-01,8.774256E-01,9.494510E+03,1.288193E+04 
13:30:00,5.070371E-01,8.797465E-01,9.494510E+03,1.291338E+04 
13:31:00,5.070371E-01,8.820856E-01,9.494510E+03,1.294503E+04 
13:32:00,5.070371E-01,8.844425E-01,9.494510E+03,1.297688E+04 
13:33:00,5.070371E-01,8.868173E-01,9.494510E+03,1.300894E+04 
13:34:00,5.070371E-01,8.892095E-01,9.494510E+03,1.304119E+04 
13:35:00,5.070371E-01,8.916192E-01,9.494510E+03,1.307364E+04 
13:36:00,5.070371E-01,8.940459E-01,9.494510E+03,1.310628E+04 
13:37:00,5.070371E-01,8.964897E-01,9.494510E+03,1.313911E+04 
13:38:00,5.070371E-01,8.989502E-01,9.494510E+03,1.317214E+04 
13:39:00,5.070371E-01,9.014272E-01,9.494510E+03,1.320534E+04 
13:40:00,5.070371E-01,9.039207E-01,9.494510E+03,1.323873E+04 
13:41:00,5.070371E-01,9.064303E-01,9.494510E+03,1.327230E+04 
13:42:00,5.070371E-01,9.089560E-01,9.494510E+03,1.330605E+04 
13:43:00,5.070371E-01,9.114975E-01,9.494510E+03,1.333998E+04 
13:44:00,5.070371E-01,9.140548E-01,9.494510E+03,1.337408E+04 
13:45:00,5.070371E-01,9.166275E-01,9.494510E+03,1.340835E+04 
13:46:00,5.070371E-01,9.192154E-01,9.494510E+03,1.344279E+04 
13:47:00,5.070371E-01,9.218186E-01,9.494510E+03,1.347740E+04 
13:48:00,5.070371E-01,9.244364E-01,9.494510E+03,1.351218E+04 
13:49:00,5.070371E-01,9.270683E-01,9.494510E+03,1.354710E+04 
13:50:00,5.070371E-01,9.297142E-01,9.494510E+03,1.358219E+04 
13:51:00,5.070371E-01,9.323735E-01,9.494510E+03,1.361741E+04 
13:52:00,5.070371E-01,9.350464E-01,9.494510E+03,1.365279E+04 
13:53:00,5.070371E-01,9.377323E-01,9.494510E+03,1.368831E+04 
13:54:00,5.070371E-01,9.404312E-01,9.494510E+03,1.372397E+04 
13:55:00,5.070371E-01,9.431429E-01,9.494510E+03,1.375978E+04 
13:56:00,5.070371E-01,9.458671E-01,9.494510E+03,1.379571E+04 
13:57:00,5.070371E-01,9.486037E-01,9.494510E+03,1.383178E+04 
13:58:00,5.070371E-01,9.513527E-01,9.494510E+03,1.386799E+04 
13:59:00,5.070371E-01,9.541136E-01,9.494510E+03,1.390433E+04 
14:00:00,5.070371E-01,9.568867E-01,9.494510E+03,1.394079E+04 
14:01:00,5.070371E-01,9.582053E-01,9.494510E+03,1.395769E+04 
14:02:00,5.070371E-01,9.595278E-01,9.494510E+03,1.397464E+04 
14:03:00,5.070371E-01,9.608540E-01,9.494510E+03,1.399163E+04 
14:04:00,5.070371E-01,9.621862E-01,9.494510E+03,1.400870E+04 
14:05:00,5.070371E-01,9.635246E-01,9.494510E+03,1.402584E+04 
14:06:00,5.070371E-01,9.648695E-01,9.494510E+03,1.404305E+04 
14:07:00,5.070371E-01,9.662210E-01,9.494510E+03,1.406035E+04 
14:08:00,5.070371E-01,9.675792E-01,9.494510E+03,1.407773E+04 
14:09:00,5.070371E-01,9.689441E-01,9.494510E+03,1.409518E+04 
14:10:00,5.070371E-01,9.703156E-01,9.494510E+03,1.411272E+04 
14:11:00,5.070371E-01,9.716938E-01,9.494510E+03,1.413034E+04 
14:12:00,5.070371E-01,9.730785E-01,9.494510E+03,1.414803E+04 
14:13:00,5.070371E-01,9.744699E-01,9.494510E+03,1.416580E+04 
14:14:00,5.070371E-01,9.758677E-01,9.494510E+03,1.418365E+04 
14:15:00,5.070371E-01,9.772720E-01,9.494510E+03,1.420158E+04 
14:16:00,5.070371E-01,9.786826E-01,9.494510E+03,1.421959E+04 
14:17:00,5.070371E-01,9.800995E-01,9.494510E+03,1.423767E+04 
14:18:00,5.070371E-01,9.815226E-01,9.494510E+03,1.425582E+04 
14:19:00,5.070371E-01,9.829517E-01,9.494510E+03,1.427405E+04 
14:20:00,5.070371E-01,9.843868E-01,9.494510E+03,1.429234E+04 
14:21:00,5.070371E-01,9.858277E-01,9.494510E+03,1.431071E+04 
14:22:00,5.070371E-01,9.872742E-01,9.494510E+03,1.432914E+04 
14:23:00,5.070371E-01,9.887264E-01,9.494510E+03,1.434764E+04 
14:24:00,5.070371E-01,9.901840E-01,9.494510E+03,1.436621E+04 
14:25:00,5.070371E-01,9.916470E-01,9.494510E+03,1.438484E+04 
14:26:00,5.070371E-01,9.931152E-01,9.494510E+03,1.440354E+04 
14:27:00,5.070371E-01,9.945885E-01,9.494510E+03,1.442229E+04 
14:28:00,5.070371E-01,9.960668E-01,9.494510E+03,1.444111E+04 
14:29:00,5.070371E-01,9.975499E-01,9.494510E+03,1.445998E+04 
14:30:00,5.070371E-01,9.990377E-01,9.494510E+03,1.447892E+04 
14:31:00,5.070371E-01,1.000530E+00,9.494510E+03,1.449790E+04 
14:32:00,5.070371E-01,1.002027E+00,9.494510E+03,1.451694E+04 
14:33:00,5.070371E-01,1.003529E+00,9.494510E+03,1.453604E+04 
14:34:00,5.070371E-01,1.005034E+00,9.494510E+03,1.455518E+04 
14:35:00,5.070371E-01,1.006544E+00,9.494510E+03,1.457438E+04 
14:36:00,5.070371E-01,1.008057E+00,9.494510E+03,1.459362E+04 
14:37:00,5.070371E-01,1.009575E+00,9.494510E+03,1.461291E+04 
14:38:00,5.070371E-01,1.011096E+00,9.494510E+03,1.463225E+04 
14:39:00,5.070371E-01,1.012621E+00,9.494510E+03,1.465163E+04 
14:40:00,5.070371E-01,1.014149E+00,9.494510E+03,1.467105E+04 
14:41:00,5.070371E-01,1.015681E+00,9.494510E+03,1.469051E+04 
14:42:00,5.070371E-01,1.017215E+00,9.494510E+03,1.471001E+04 
14:43:00,5.070371E-01,1.018753E+00,9.494510E+03,1.472955E+04 
14:44:00,5.070371E-01,1.020300E+00,9.494510E+03,1.474919E+04 
14:45:00,5.070371E-01,1.021854E+00,9.494510E+03,1.476892E+04 
14:46:00,5.070371E-01,1.023414E+00,9.494510E+03,1.478873E+04 
14:47:00,5.070371E-01,1.024981E+00,9.494510E+03,1.480862E+04 
14:48:00,5.070371E-01,1.026555E+00,9.494510E+03,1.482859E+04 
14:49:00,5.070371E-01,1.028135E+00,9.494510E+03,1.484863E+04 
14:50:00,5.070371E-01,1.029722E+00,9.494510E+03,1.486875E+04 
14:51:00,5.070371E-01,1.031311E+00,9.494510E+03,1.488891E+04 
14:52:00,5.070371E-01,1.032906E+00,9.494510E+03,1.490914E+04 
14:53:00,5.070371E-01,1.034507E+00,9.494510E+03,1.492944E+04 
14:54:00,5.070371E-01,1.036113E+00,9.494510E+03,1.494980E+04 
14:55:00,5.070371E-01,1.037725E+00,9.494510E+03,1.497023E+04 
14:56:00,5.070371E-01,1.039342E+00,9.494510E+03,1.499072E+04 
14:57:00,5.070371E-01,1.040965E+00,9.494510E+03,1.501128E+04 
14:58:00,5.070371E-01,1.042592E+00,9.494510E+03,1.503190E+04 
14:59:00,5.070371E-01,1.044225E+00,9.494510E+03,1.505258E+04 
15:00:00,5.070371E-01,1.045862E+00,9.494510E+03,1.507331E+04 
15:01:00,5.070371E-01,1.046542E+00,9.494510E+03,1.507783E+04 
15:02:00,5.070371E-01,1.047205E+00,9.494510E+03,1.508217E+04 
15:03:00,5.070371E-01,1.047857E+00,9.494510E+03,1.508637E+04 
15:04:00,5.070371E-01,1.048502E+00,9.494510E+03,1.509049E+04 
15:05:00,5.070371E-01,1.049140E+00,9.494510E+03,1.509453E+04 
15:06:00,5.070371E-01,1.049773E+00,9.494510E+03,1.509851E+04 
15:07:00,5.070371E-01,1.050401E+00,9.494510E+03,1.510244E+04 
15:08:00,5.070371E-01,1.051024E+00,9.494510E+03,1.510631E+04 
15:09:00,5.070371E-01,1.051643E+00,9.494510E+03,1.511013E+04 
15:10:00,5.070371E-01,1.052257E+00,9.494510E+03,1.511390E+04 
15:11:00,5.070371E-01,1.052867E+00,9.494510E+03,1.511762E+04 
15:12:00,5.070371E-01,1.053473E+00,9.494510E+03,1.512129E+04 
15:13:00,5.070371E-01,1.054074E+00,9.494510E+03,1.512491E+04 
15:14:00,5.070371E-01,1.054672E+00,9.494510E+03,1.512849E+04 
15:15:00,5.070371E-01,1.055265E+00,9.494510E+03,1.513201E+04 
15:16:00,5.070371E-01,1.055855E+00,9.494510E+03,1.513549E+04 
15:17:00,5.070371E-01,1.056440E+00,9.494510E+03,1.513893E+04 
15:18:00,5.070371E-01,1.057021E+00,9.494510E+03,1.514231E+04 
15:19:00,5.070371E-01,1.057599E+00,9.494510E+03,1.514565E+04 
15:20:00,5.070371E-01,1.058172E+00,9.494510E+03,1.514895E+04 
15:21:00,5.070371E-01,1.058741E+00,9.494510E+03,1.515219E+04 
15:22:00,5.070371E-01,1.059307E+00,9.494510E+03,1.515539E+04 
15:23:00,5.070371E-01,1.059868E+00,9.494510E+03,1.515854E+04 
15:24:00,5.070371E-01,1.060425E+00,9.494510E+03,1.516164E+04 
15:25:00,5.070371E-01,1.060978E+00,9.494510E+03,1.516470E+04 
15:26:00,5.070371E-01,1.061527E+00,9.494510E+03,1.516770E+04 
15:27:00,5.070371E-01,1.062071E+00,9.494510E+03,1.517066E+04 
15:28:00,5.070371E-01,1.062612E+00,9.494510E+03,1.517357E+04 
15:29:00,5.070371E-01,1.063148E+00,9.494510E+03,1.517642E+04 
15:30:00,5.070371E-01,1.063679E+00,9.494510E+03,1.517923E+04 
15:31:00,5.070371E-01,1.064207E+00,9.494510E+03,1.518198E+04 
15:32:00,5.070371E-01,1.064730E+00,9.494510E+03,1.518468E+04 
15:33:00,5.070371E-01,1.065248E+00,9.494510E+03,1.518733E+04 
15:34:00,5.070371E-01,1.065762E+00,9.494510E+03,1.518992E+04 
15:35:00,5.070371E-01,1.066271E+00,9.494510E+03,1.519246E+04 
15:36:00,5.070371E-01,1.066775E+00,9.494510E+03,1.519495E+04 
15:37:00,5.070371E-01,1.067275E+00,9.494510E+03,1.519737E+04 
15:38:00,5.070371E-01,1.067770E+00,9.494510E+03,1.519974E+04 
15:39:00,5.070371E-01,1.068260E+00,9.494510E+03,1.520205E+04 
15:40:00,5.070371E-01,1.068744E+00,9.494510E+03,1.520430E+04 
15:41:00,5.070371E-01,1.069224E+00,9.494510E+03,1.520649E+04 
15:42:00,5.070371E-01,1.069699E+00,9.494510E+03,1.520862E+04 
15:43:00,5.070371E-01,1.070168E+00,9.494510E+03,1.521069E+04 
15:44:00,5.070371E-01,1.070625E+00,9.494510E+03,1.521262E+04 
15:45:00,5.070371E-01,1.071073E+00,9.494510E+03,1.521444E+04 
15:46:00,5.070371E-01,1.071512E+00,9.494510E+03,1.521615E+04 
15:47:00,5.070371E-01,1.071940E+00,9.494510E+03,1.521774E+04 
15:48:00,5.070371E-01,1.072359E+00,9.494510E+03,1.521922E+04 
15:49:00,5.070371E-01,1.072767E+00,9.494510E+03,1.522058E+04 
15:50:00,5.070371E-01,1.073165E+00,9.494510E+03,1.522183E+04 
15:51:00,5.070371E-01,1.073556E+00,9.494510E+03,1.522299E+04 
15:52:00,5.070371E-01,1.073938E+00,9.494510E+03,1.522404E+04 
15:53:00,5.070371E-01,1.074308E+00,9.494510E+03,1.522496E+04 
15:54:00,5.070371E-01,1.074669E+00,9.494510E+03,1.522576E+04 
15:55:00,5.070371E-01,1.075018E+00,9.494510E+03,1.522644E+04 
15:56:00,5.070371E-01,1.075357E+00,9.494510E+03,1.522700E+04 
15:57:00,5.070371E-01,1.075684E+00,9.494510E+03,1.522742E+04 
15:58:00,5.070371E-01,1.076000E+00,9.494510E+03,1.522771E+04 
15:59:00,5.070371E-01,1.076305E+00,9.494510E+03,1.522787E+04 
16:00:00,5.070371E-01,1.076599E+00,9.494510E+03,1.522790E+04 
16:01:00,5.070371E-01,1.076284E+00,9.494510E+03,1.521991E+04 
16:02:00,5.070371E-01,1.075956E+00,9.494510E+03,1.521176E+04 
16:03:00,5.070371E-01,1.075613E+00,9.494510E+03,1.520343E+04 
16:04:00,5.070371E-01,1.075257E+00,9.494510E+03,1.519495E+04 
16:05:00,5.070371E-01,1.074888E+00,9.494510E+03,1.518632E+04 
16:06:00,5.070371E-01,1.074506E+00,9.494510E+03,1.517754E+04 
16:07:00,5.070371E-01,1.074110E+00,9.494510E+03,1.516860E+04 
16:08:00,5.070371E-01,1.073702E+00,9.494510E+03,1.515951E+04 
16:09:00,5.070371E-01,1.073280E+00,9.494510E+03,1.515026E+04 
16:10:00,5.070371E-01,1.072846E+00,9.494510E+03,1.514085E+04 
16:11:00,5.070371E-01,1.072397E+00,9.494510E+03,1.513129E+04 
16:12:00,5.070371E-01,1.071935E+00,9.494510E+03,1.512157E+04 
16:13:00,5.070371E-01,1.071460E+00,9.494510E+03,1.511169E+04 
16:14:00,5.070371E-01,1.070971E+00,9.494510E+03,1.510164E+04 
16:15:00,5.070371E-01,1.070468E+00,9.494510E+03,1.509143E+04 
16:16:00,5.070371E-01,1.069950E+00,9.494510E+03,1.508106E+04 
16:17:00,5.070371E-01,1.069419E+00,9.494510E+03,1.507052E+04 
16:18:00,5.070371E-01,1.068874E+00,9.494510E+03,1.505982E+04 
16:19:00,5.070371E-01,1.068315E+00,9.494510E+03,1.504895E+04 
16:20:00,5.070371E-01,1.067723E+00,9.494510E+03,1.503770E+04 
16:21:00,5.070371E-01,1.067115E+00,9.494510E+03,1.502627E+04 
16:22:00,5.070371E-01,1.066491E+00,9.494510E+03,1.501464E+04 
16:23:00,5.070371E-01,1.065851E+00,9.494510E+03,1.500283E+04 
16:24:00,5.070371E-01,1.065196E+00,9.494510E+03,1.499084E+04 
16:25:00,5.070371E-01,1.064525E+00,9.494510E+03,1.497866E+04 
16:26:00,5.070371E-01,1.063839E+00,9.494510E+03,1.496629E+04 
16:27:00,5.070371E-01,1.063136E+00,9.494510E+03,1.495374E+04 
16:28:00,5.070371E-01,1.062418E+00,9.494510E+03,1.494100E+04 
16:29:00,5.070371E-01,1.061684E+00,9.494510E+03,1.492808E+04 
16:30:00,5.070371E-01,1.060934E+00,9.494510E+03,1.491496E+04 
16:31:00,5.070371E-01,1.060167E+00,9.494510E+03,1.490165E+04 
16:32:00,5.070371E-01,1.059384E+00,9.494510E+03,1.488815E+04 
16:33:00,5.070371E-01,1.058585E+00,9.494510E+03,1.487445E+04 
16:34:00,5.070371E-01,1.057770E+00,9.494510E+03,1.486057E+04 
16:35:00,5.070371E-01,1.056938E+00,9.494510E+03,1.484648E+04 
16:36:00,5.070371E-01,1.056090E+00,9.494510E+03,1.483220E+04 
16:37:00,5.070371E-01,1.055225E+00,9.494510E+03,1.481772E+04 
16:38:00,5.070371E-01,1.054343E+00,9.494510E+03,1.480304E+04 
16:39:00,5.070371E-01,1.053444E+00,9.494510E+03,1.478816E+04 
16:40:00,5.070371E-01,1.052528E+00,9.494510E+03,1.477308E+04 
16:41:00,5.070371E-01,1.051595E+00,9.494510E+03,1.475780E+04 
16:42:00,5.070371E-01,1.050645E+00,9.494510E+03,1.474231E+04 
16:43:00,5.070371E-01,1.049677E+00,9.494510E+03,1.472661E+04 
16:44:00,5.070371E-01,1.048693E+00,9.494510E+03,1.471071E+04 
16:45:00,5.070371E-01,1.047690E+00,9.494510E+03,1.469460E+04 
16:46:00,5.070371E-01,1.046670E+00,9.494510E+03,1.467827E+04 
16:47:00,5.070371E-01,1.045632E+00,9.494510E+03,1.466174E+04 
16:48:00,5.070371E-01,1.044577E+00,9.494510E+03,1.464500E+04 
16:49:00,5.070371E-01,1.043503E+00,9.494510E+03,1.462804E+04 
16:50:00,5.070371E-01,1.042411E+00,9.494510E+03,1.461086E+04 
16:51:00,5.070371E-01,1.041302E+00,9.494510E+03,1.459347E+04 
16:52:00,5.070371E-01,1.040174E+00,9.494510E+03,1.457586E+04 
16:53:00,5.070371E-01,1.039027E+00,9.494510E+03,1.455803E+04 
16:54:00,5.070371E-01,1.037863E+00,9.494510E+03,1.453998E+04 
16:55:00,5.070371E-01,1.036679E+00,9.494510E+03,1.452172E+04 
16:56:00,5.070371E-01,1.035478E+00,9.494510E+03,1.450322E+04 
16:57:00,5.070371E-01,1.034257E+00,9.494510E+03,1.448451E+04 
16:58:00,5.070371E-01,1.033018E+00,9.494510E+03,1.446557E+04 
16:59:00,5.070371E-01,1.031760E+00,9.494510E+03,1.444641E+04 
17:00:00,5.070371E-01,1.030483E+00,9.494510E+03,1.442702E+04 
17:01:00,5.070371E-01,1.030382E+00,9.494510E+03,1.442028E+04 
17:02:00,5.070371E-01,1.030268E+00,9.494510E+03,1.441339E+04 
17:03:00,5.070371E-01,1.030142E+00,9.494510E+03,1.440636E+04 
17:04:00,5.070371E-01,1.030001E+00,9.494510E+03,1.439916E+04 
17:05:00,5.070371E-01,1.029845E+00,9.494510E+03,1.439178E+04 
17:06:00,5.070371E-01,1.029673E+00,9.494510E+03,1.438421E+04 
17:07:00,5.070371E-01,1.029484E+00,9.494510E+03,1.437646E+04 
17:08:00,5.070371E-01,1.029279E+00,9.494510E+03,1.436851E+04 
17:09:00,5.070371E-01,1.029058E+00,9.494510E+03,1.436038E+04 
17:10:00,5.070371E-01,1.028819E+00,9.494510E+03,1.435204E+04 
17:11:00,5.070371E-01,1.028563E+00,9.494510E+03,1.434351E+04 
17:12:00,5.070371E-01,1.028291E+00,9.494510E+03,1.433479E+04 
17:13:00,5.070371E-01,1.028000E+00,9.494510E+03,1.432585E+04 
17:14:00,5.070371E-01,1.027693E+00,9.494510E+03,1.431672E+04 
17:15:00,5.070371E-01,1.027367E+00,9.494510E+03,1.430738E+04 
17:16:00,5.070371E-01,1.027024E+00,9.494510E+03,1.429784E+04 
17:17:00,5.070371E-01,1.026663E+00,9.494510E+03,1.428808E+04 
17:18:00,5.070371E-01,1.026283E+00,9.494510E+03,1.427812E+04 
17:19:00,5.070371E-01,1.025885E+00,9.494510E+03,1.426794E+04 
17:20:00,5.070371E-01,1.025486E+00,9.494510E+03,1.425775E+04 
17:21:00,5.070371E-01,1.025071E+00,9.494510E+03,1.424737E+04 
17:22:00,5.070371E-01,1.024638E+00,9.494510E+03,1.423679E+04 
17:23:00,5.070371E-01,1.024187E+00,9.494510E+03,1.422600E+04 
17:24:00,5.070371E-01,1.023718E+00,9.494510E+03,1.421500E+04 
17:25:00,5.070371E-01,1.023230E+00,9.494510E+03,1.420378E+04 
17:26:00,5.070371E-01,1.022724E+00,9.494510E+03,1.419235E+04 
17:27:00,5.070371E-01,1.022198E+00,9.494510E+03,1.418070E+04 
17:28:00,5.070371E-01,1.021654E+00,9.494510E+03,1.416882E+04 
17:29:00,5.070371E-01,1.021090E+00,9.494510E+03,1.415672E+04 
17:30:00,5.070371E-01,1.020507E+00,9.494510E+03,1.414440E+04 
17:31:00,5.070371E-01,1.019904E+00,9.494510E+03,1.413185E+04 
17:32:00,5.070371E-01,1.019281E+00,9.494510E+03,1.411907E+04 
17:33:00,5.070371E-01,1.018639E+00,9.494510E+03,1.410605E+04 
17:34:00,5.070371E-01,1.017976E+00,9.494510E+03,1.409281E+04 
17:35:00,5.070371E-01,1.017293E+00,9.494510E+03,1.407933E+04 
17:36:00,5.070371E-01,1.016589E+00,9.494510E+03,1.406561E+04 
17:37:00,5.070371E-01,1.015865E+00,9.494510E+03,1.405165E+04 
17:38:00,5.070371E-01,1.015120E+00,9.494510E+03,1.403744E+04 
17:39:00,5.070371E-01,1.014353E+00,9.494510E+03,1.402300E+04 
17:40:00,5.070371E-01,1.013566E+00,9.494510E+03,1.400831E+04 
17:41:00,5.070371E-01,1.012758E+00,9.494510E+03,1.399337E+04 
17:42:00,5.070371E-01,1.011928E+00,9.494510E+03,1.397818E+04 
17:43:00,5.070371E-01,1.011075E+00,9.494510E+03,1.396274E+04 
17:44:00,5.070371E-01,1.010201E+00,9.494510E+03,1.394704E+04 
17:45:00,5.070371E-01,1.009305E+00,9.494510E+03,1.393108E+04 
17:46:00,5.070371E-01,1.008387E+00,9.494510E+03,1.391487E+04 
17:47:00,5.070371E-01,1.007446E+00,9.494510E+03,1.389840E+04 
17:48:00,5.070371E-01,1.006483E+00,9.494510E+03,1.388166E+04 
17:49:00,5.070371E-01,1.005497E+00,9.494510E+03,1.386466E+04 
17:50:00,5.070371E-01,1.004488E+00,9.494510E+03,1.384740E+04 
17:51:00,5.070371E-01,1.003458E+00,9.494510E+03,1.382988E+04 
17:52:00,5.070371E-01,1.002406E+00,9.494510E+03,1.381211E+04 
17:53:00,5.070371E-01,1.001331E+00,9.494510E+03,1.379408E+04 
17:54:00,5.070371E-01,1.000234E+00,9.494510E+03,1.377578E+04 
17:55:00,5.070371E-01,9.991128E-01,9.494510E+03,1.375721E+04 
17:56:00,5.070371E-01,9.979686E-01,9.494510E+03,1.373837E+04 
17:57:00,5.070371E-01,9.968010E-01,9.494510E+03,1.371925E+04 
17:58:00,5.070371E-01,9.956097E-01,9.494510E+03,1.369986E+04 
17:59:00,5.070371E-01,9.943946E-01,9.494510E+03,1.368019E+04 
18:00:00,5.070371E-01,9.931552E-01,9.494510E+03,1.366024E+04 
18:01:00,5.070371E-01,9.881380E-01,9.494510E+03,1.358634E+04 
18:02:00,5.070371E-01,9.830167E-01,9.494510E+03,1.351128E+04 
18:03:00,5.070371E-01,9.778074E-01,9.494510E+03,1.343526E+04 
18:04:00,5.070371E-01,9.725273E-01,9.494510E+03,1.335846E+04 
18:05:00,5.070371E-01,9.671804E-01,9.494510E+03,1.328093E+04 
18:06:00,5.070371E-01,9.617710E-01,9.494510E+03,1.320272E+04 
18:07:00,5.070371E-01,9.562996E-01,9.494510E+03,1.312384E+04 
18:08:00,5.070371E-01,9.507693E-01,9.494510E+03,1.304430E+04 
18:09:00,5.070371E-01,9.451804E-01,9.494510E+03,1.296413E+04 
18:10:00,5.070371E-01,9.395339E-01,9.494510E+03,1.288332E+04 
18:11:00,5.070371E-01,9.338305E-01,9.494510E+03,1.280189E+04 
18:12:00,5.070371E-01,9.280706E-01,9.494510E+03,1.271984E+04 
18:13:00,5.070371E-01,9.222550E-01,9.494510E+03,1.263717E+04 
18:14:00,5.070371E-01,9.163843E-01,9.494510E+03,1.255389E+04 
18:15:00,5.070371E-01,9.104591E-01,9.494510E+03,1.247001E+04 
18:16:00,5.070371E-01,9.044800E-01,9.494510E+03,1.238554E+04 
18:17:00,5.070371E-01,8.984470E-01,9.494510E+03,1.230046E+04 
18:18:00,5.070371E-01,8.923608E-01,9.494510E+03,1.221480E+04 
18:19:00,5.070371E-01,8.862216E-01,9.494510E+03,1.212854E+04 
18:20:00,5.070371E-01,8.800300E-01,9.494510E+03,1.204170E+04 
18:21:00,5.070371E-01,8.737859E-01,9.494510E+03,1.195427E+04 
18:22:00,5.070371E-01,8.674900E-01,9.494510E+03,1.186626E+04 
18:23:00,5.070371E-01,8.611423E-01,9.494510E+03,1.177766E+04 
18:24:00,5.070371E-01,8.547433E-01,9.494510E+03,1.168849E+04 
18:25:00,5.070371E-01,8.482929E-01,9.494510E+03,1.159873E+04 
18:26:00,5.070371E-01,8.417917E-01,9.494510E+03,1.150840E+04 
18:27:00,5.070371E-01,8.352396E-01,9.494510E+03,1.141750E+04 
18:28:00,5.070371E-01,8.286371E-01,9.494510E+03,1.132601E+04 
18:29:00,5.070371E-01,8.219841E-01,9.494510E+03,1.123395E+04 
18:30:00,5.070371E-01,8.152810E-01,9.494510E+03,1.114132E+04 
18:31:00,5.070371E-01,8.084943E-01,9.494510E+03,1.104772E+04 
18:32:00,5.070371E-01,8.016523E-01,9.494510E+03,1.095349E+04 
18:33:00,5.070371E-01,7.947585E-01,9.494510E+03,1.085865E+04 
18:34:00,5.070371E-01,7.878118E-01,9.494510E+03,1.076321E+04 
18:35:00,5.070371E-01,7.808139E-01,9.494510E+03,1.066716E+04 
18:36:00,5.070371E-01,7.737645E-01,9.494510E+03,1.057052E+04 
18:37:00,5.070371E-01,7.666642E-01,9.494510E+03,1.047327E+04 
18:38:00,5.070371E-01,7.595125E-01,9.494510E+03,1.037542E+04 
18:39:00,5.070371E-01,7.523104E-01,9.494510E+03,1.027698E+04 
18:40:00,5.070371E-01,7.450571E-01,9.494510E+03,1.017793E+04 
18:41:00,5.070371E-01,7.377538E-01,9.494510E+03,1.007828E+04 
18:42:00,5.070371E-01,7.303998E-01,9.494510E+03,9.978028E+03 
18:43:00,5.070371E-01,7.229966E-01,9.494510E+03,9.877185E+03 
18:44:00,5.070371E-01,7.155430E-01,9.494510E+03,9.775735E+03 
18:45:00,5.070371E-01,7.080404E-01,9.494510E+03,9.673691E+03 
18:46:00,5.070371E-01,7.004878E-01,9.494510E+03,9.571040E+03 
18:47:00,5.070371E-01,6.928864E-01,9.494510E+03,9.467794E+03 
18:48:00,5.070371E-01,6.852341E-01,9.494510E+03,9.363924E+03 
18:49:00,5.070371E-01,6.775312E-01,9.494510E+03,9.259431E+03 
18:50:00,5.070371E-01,6.697776E-01,9.494510E+03,9.154312E+03 
18:51:00,5.070371E-01,6.619730E-01,9.494510E+03,9.048559E+03 
18:52:00,5.070371E-01,6.541180E-01,9.494510E+03,8.942178E+03 
18:53:00,5.070371E-01,6.462148E-01,9.494510E+03,8.835190E+03 
18:54:00,5.070371E-01,6.382641E-01,9.494510E+03,8.727599E+03 
18:55:00,5.070371E-01,6.302672E-01,9.494510E+03,8.619418E+03 
18:56:00,5.070371E-01,6.222253E-01,9.494510E+03,8.510658E+03 
18:57:00,5.070371E-01,6.141401E-01,9.494510E+03,8.401336E+03 
18:58:00,5.070371E-01,6.060133E-01,9.494510E+03,8.291467E+03 
18:59:00,5.070371E-01,5.978470E-01,9.494510E+03,8.181072E+03 
19:00:00,5.070371E-01,5.896437E-01,9.494510E+03,8.070178E+03 
19:01:00,5.070371E-01,5.826021E-01,9.494510E+03,7.973920E+03 
19:02:00,5.070371E-01,5.768636E-01,9.494510E+03,7.895131E+03 
19:03:00,5.070371E-01,5.713106E-01,9.494510E+03,7.818919E+03 
19:04:00,5.070371E-01,5.657393E-01,9.494510E+03,7.742565E+03 
19:05:00,5.070371E-01,5.601525E-01,9.494510E+03,7.666097E+03 
19:06:00,5.070371E-01,5.545516E-01,9.494510E+03,7.589527E+03 
19:07:00,5.070371E-01,5.489402E-01,9.494510E+03,7.512895E+03 
19:08:00,5.070371E-01,5.433187E-01,9.494510E+03,7.436204E+03 
19:09:00,5.070371E-01,5.376903E-01,9.494510E+03,7.359489E+03 
19:10:00,5.070371E-01,5.320559E-01,9.494510E+03,7.282756E+03 
19:11:00,5.070371E-01,5.264173E-01,9.494510E+03,7.206026E+03 
19:12:00,5.070371E-01,5.207759E-01,9.494510E+03,7.129310E+03 
19:13:00,5.070371E-01,5.151329E-01,9.494510E+03,7.052622E+03 
19:14:00,5.070371E-01,5.094890E-01,9.494510E+03,6.975965E+03 
19:15:00,5.070371E-01,5.038459E-01,9.494510E+03,6.899355E+03 
19:16:00,5.070371E-01,4.982100E-01,9.494510E+03,6.822867E+03 
19:17:00,5.070371E-01,4.925822E-01,9.494510E+03,6.746506E+03 
19:18:00,5.070371E-01,4.869631E-01,9.494510E+03,6.670275E+03 
19:19:00,5.070371E-01,4.813540E-01,9.494510E+03,6.594187E+03 
19:20:00,5.070371E-01,4.757556E-01,9.494510E+03,6.518243E+03 
19:21:00,5.070371E-01,4.701692E-01,9.494510E+03,6.442454E+03 
19:22:00,5.070371E-01,4.645953E-01,9.494510E+03,6.366823E+03 
19:23:00,5.070371E-01,4.590354E-01,9.494510E+03,6.291358E+03 
19:24:00,5.070371E-01,4.534900E-01,9.494510E+03,6.216062E+03 
19:25:00,5.070371E-01,4.479603E-01,9.494510E+03,6.140944E+03 
19:26:00,5.070371E-01,4.424471E-01,9.494510E+03,6.066003E+03 
19:27:00,5.070371E-01,4.369516E-01,9.494510E+03,5.991248E+03 
19:28:00,5.070371E-01,4.314744E-01,9.494510E+03,5.916678E+03 
19:29:00,5.070371E-01,4.260167E-01,9.494510E+03,5.842300E+03 
19:30:00,5.070371E-01,4.205793E-01,9.494510E+03,5.768114E+03 
19:31:00,5.070371E-01,4.151965E-01,9.494510E+03,5.694541E+03 
19:32:00,5.070371E-01,4.098413E-01,9.494510E+03,5.621234E+03 
19:33:00,5.070371E-01,4.045113E-01,9.494510E+03,5.548152E+03 
19:34:00,5.070371E-01,3.992085E-01,9.494510E+03,5.475308E+03 
19:35:00,5.070371E-01,3.939321E-01,9.494510E+03,5.402682E+03 
19:36:00,5.070371E-01,3.886836E-01,9.494510E+03,5.330279E+03 
19:37:00,5.070371E-01,3.842633E-01,9.494510E+03,5.268491E+03 
19:38:00,5.070371E-01,3.806874E-01,9.494510E+03,5.217570E+03 
19:39:00,5.070371E-01,3.774578E-01,9.494510E+03,5.171069E+03 
19:40:00,5.070371E-01,3.742533E-01,9.494510E+03,5.124810E+03 
19:41:00,5.070371E-01,3.710747E-01,9.494510E+03,5.078796E+03 
19:42:00,5.070371E-01,3.679227E-01,9.494510E+03,5.033029E+03 
19:43:00,5.070371E-01,3.647978E-01,9.494510E+03,4.987508E+03 
19:44:00,5.070371E-01,3.617007E-01,9.494510E+03,4.942234E+03 
19:45:00,5.070371E-01,3.594576E-01,9.494510E+03,4.908101E+03 
19:46:00,5.070371E-01,3.578190E-01,9.494510E+03,4.881890E+03 
19:47:00,5.070371E-01,3.562049E-01,9.494510E+03,4.855969E+03 
19:48:00,5.070371E-01,3.546174E-01,9.494510E+03,4.830361E+03 
19:49:00,5.070371E-01,3.530576E-01,9.494510E+03,4.805082E+03 
19:50:00,5.070371E-01,3.515255E-01,9.494510E+03,4.780129E+03 
19:51:00,5.070371E-01,3.500214E-01,9.494510E+03,4.755505E+03 
19:52:00,5.070371E-01,3.485454E-01,9.494510E+03,4.731213E+03 
19:53:00,5.070371E-01,3.470977E-01,9.494510E+03,4.707252E+03 
19:54:00,5.070371E-01,3.456780E-01,9.494510E+03,4.683618E+03 
19:55:00,5.070371E-01,3.442861E-01,9.494510E+03,4.660309E+03 
19:56:00,5.070371E-01,3.429218E-01,9.494510E+03,4.637318E+03 
19:57:00,5.070371E-01,3.415845E-01,9.494510E+03,4.614638E+03 
19:58:00,5.070371E-01,3.402735E-01,9.494510E+03,4.592259E+03 
19:59:00,5.070371E-01,3.389882E-01,9.494510E+03,4.570172E+03 
20:00:00,5.070371E-01,3.377278E-01,9.494510E+03,4.548361E+03 
20:01:00,5.070371E-01,3.365862E-01,9.494510E+03,4.528559E+03 
20:02:00,5.070371E-01,3.354760E-01,9.494510E+03,4.509412E+03 
20:03:00,5.070371E-01,3.343928E-01,9.494510E+03,4.490999E+03 
20:04:00,5.070371E-01,3.333345E-01,9.494510E+03,4.476924E+03 
20:05:00,5.070371E-01,3.322992E-01,9.494510E+03,4.459186E+03 
20:06:00,5.070371E-01,3.312853E-01,9.494510E+03,4.441541E+03 
20:07:00,5.070371E-01,3.302917E-01,9.494510E+03,4.421590E+03 
20:08:00,5.070371E-01,3.293172E-01,9.494510E+03,4.402628E+03 
20:09:00,5.070371E-01,3.283605E-01,9.494510E+03,4.383214E+03 
20:10:00,5.070371E-01,3.274214E-01,9.494510E+03,4.365250E+03 
20:11:00,5.070371E-01,3.264988E-01,9.494510E+03,4.346310E+03 
20:12:00,5.070371E-01,3.255925E-01,9.494510E+03,4.329471E+03 
20:13:00,5.070371E-01,3.247019E-01,9.494510E+03,4.310939E+03 
20:14:00,5.070371E-01,3.238266E-01,9.494510E+03,4.292657E+03 
20:15:00,5.070371E-01,3.229664E-01,9.494510E+03,4.275701E+03 
20:16:00,5.070371E-01,3.221151E-01,9.494510E+03,4.257751E+03 
20:17:00,5.070371E-01,3.212729E-01,9.494510E+03,4.239967E+03 
20:18:00,5.070371E-01,3.204398E-01,9.494510E+03,4.222346E+03 
20:19:00,5.070371E-01,3.196155E-01,9.494510E+03,4.204888E+03 
20:20:00,5.070371E-01,3.187999E-01,9.494510E+03,4.187591E+03 
20:21:00,5.070371E-01,3.179927E-01,9.494510E+03,4.170455E+03 
20:22:00,5.070371E-01,3.171937E-01,9.494510E+03,4.153479E+03 
20:23:00,5.070371E-01,3.164030E-01,9.494510E+03,4.136663E+03 
20:24:00,5.070371E-01,3.156202E-01,9.494510E+03,4.120005E+03 
20:25:00,5.070371E-01,3.148452E-01,9.494510E+03,4.103505E+03 
20:26:00,5.070371E-01,3.140779E-01,9.494510E+03,4.087164E+03 
20:27:00,5.070371E-01,3.133181E-01,9.494510E+03,4.070981E+03 
20:28:00,5.070371E-01,3.125657E-01,9.494510E+03,4.054956E+03 
20:29:00,5.070371E-01,3.118206E-01,9.494510E+03,4.039090E+03 
20:30:00,5.070371E-01,3.110826E-01,9.494510E+03,4.023383E+03 
20:31:00,5.070371E-01,3.105723E-01,9.494510E+03,4.011009E+03 
20:32:00,5.070371E-01,3.105723E-01,9.494510E+03,4.006000E+03 
20:33:00,5.070371E-01,3.105723E-01,9.494510E+03,4.000991E+03 
20:34:00,5.070371E-01,3.105723E-01,9.494510E+03,3.995982E+03 
20:35:00,5.070371E-01,3.105723E-01,9.494510E+03,3.990973E+03 
20:36:00,5.070371E-01,3.105723E-01,9.494510E+03,3.985964E+03 
20:37:00,5.070371E-01,3.105723E-01,9.494510E+03,3.980955E+03 
20:38:00,5.070371E-01,3.105723E-01,9.494510E+03,3.975946E+03 
20:39:00,5.070371E-01,3.105723E-01,9.494510E+03,3.970937E+03 
20:40:00,5.070371E-01,3.105723E-01,9.494510E+03,3.965929E+03 
20:41:00,5.070371E-01,3.105723E-01,9.494510E+03,3.960920E+03 
20:42:00,5.070371E-01,3.105723E-01,9.494510E+03,3.955911E+03 
20:43:00,5.070371E-01,3.105723E-01,9.494510E+03,3.950902E+03 
20:44:00,5.070371E-01,3.105723E-01,9.494510E+03,3.945893E+03 
20:45:00,5.070371E-01,3.105723E-01,9.494510E+03,3.940884E+03 
20:46:00,5.070371E-01,3.105723E-01,9.494510E+03,3.935875E+03 
20:47:00,5.070371E-01,3.105723E-01,9.494510E+03,3.930866E+03 
20:48:00,5.070371E-01,3.105723E-01,9.494510E+03,3.925857E+03 
20:49:00,5.070371E-01,3.105723E-01,9.494510E+03,3.920848E+03 
20:50:00,5.070371E-01,3.105723E-01,9.494510E+03,3.915840E+03 
20:51:00,5.070371E-01,3.105723E-01,9.494510E+03,3.910831E+03 
20:52:00,5.070371E-01,3.105723E-01,9.494510E+03,3.905822E+03 
20:53:00,5.070371E-01,3.105723E-01,9.494510E+03,3.900813E+03 
20:54:00,5.070371E-01,3.105723E-01,9.494510E+03,3.895804E+03 
20:55:00,5.070371E-01,3.105723E-01,9.494510E+03,3.890795E+03 
20:56:00,5.070371E-01,3.105723E-01,9.494510E+03,3.885786E+03 
20:57:00,5.070371E-01,3.105723E-01,9.494510E+03,3.880777E+03 
20:58:00,5.070371E-01,3.105723E-01,9.494510E+03,3.875768E+03 
20:59:00,5.070371E-01,3.105723E-01,9.494510E+03,3.870759E+03 
21:00:00,5.070371E-01,3.105723E-01,9.494510E+03,3.865750E+03 
21:01:00,5.070371E-01,3.105723E-01,9.494510E+03,3.860742E+03 
21:02:00,5.070371E-01,3.105723E-01,9.494510E+03,3.855733E+03 
21:03:00,5.070371E-01,3.105723E-01,9.494510E+03,3.850724E+03 
21:04:00,5.070371E-01,3.105723E-01,9.494510E+03,3.845715E+03 
21:05:00,5.070371E-01,3.105723E-01,9.494510E+03,3.840706E+03 
21:06:00,5.070371E-01,3.105723E-01,9.494510E+03,3.835697E+03 
21:07:00,5.070371E-01,3.105723E-01,9.494510E+03,3.830688E+03 
21:08:00,5.070371E-01,3.105723E-01,9.494510E+03,3.825679E+03 
21:09:00,5.070371E-01,3.105723E-01,9.494510E+03,3.820670E+03 
21:10:00,5.070371E-01,3.105723E-01,9.494510E+03,3.815661E+03 
21:11:00,5.070371E-01,3.105723E-01,9.494510E+03,3.810653E+03 
21:12:00,5.070371E-01,3.105723E-01,9.494510E+03,3.805644E+03 
21:13:00,5.070371E-01,3.105723E-01,9.494510E+03,3.800635E+03 
21:14:00,5.070371E-01,3.105723E-01,9.494510E+03,3.795626E+03 
21:15:00,5.070371E-01,3.105723E-01,9.494510E+03,3.790617E+03 
21:16:00,5.070371E-01,3.105723E-01,9.494510E+03,3.785608E+03 
21:17:00,5.070371E-01,3.105723E-01,9.494510E+03,3.780599E+03 
21:18:00,5.070371E-01,3.105723E-01,9.494510E+03,3.775590E+03 
21:19:00,5.070371E-01,3.105723E-01,9.494510E+03,3.770581E+03 
21:20:00,5.070371E-01,3.105723E-01,9.494510E+03,3.765572E+03 
21:21:00,5.070371E-01,3.105723E-01,9.494510E+03,3.760563E+03 
21:22:00,5.070371E-01,3.105723E-01,9.494510E+03,3.755555E+03 
21:23:00,5.070371E-01,3.105723E-01,9.494510E+03,3.750546E+03 
21:24:00,5.070371E-01,3.105723E-01,9.494510E+03,3.745537E+03 
21:25:00,5.070371E-01,3.105723E-01,9.494510E+03,3.740528E+03 
21:26:00,5.070371E-01,3.105723E-01,9.494510E+03,3.735519E+03 
21:27:00,5.070371E-01,3.105723E-01,9.494510E+03,3.730510E+03 
21:28:00,5.070371E-01,3.105723E-01,9.494510E+03,3.725501E+03 
21:29:00,5.070371E-01,3.105723E-01,9.494510E+03,3.720492E+03 
21:30:00,5.070371E-01,3.105723E-01,9.494510E+03,3.715483E+03 
21:31:00,5.070371E-01,3.105723E-01,9.494510E+03,3.710474E+03 
21:32:00,5.070371E-01,3.105723E-01,9.494510E+03,3.705466E+03 
21:33:00,5.070371E-01,3.105723E-01,9.494510E+03,3.700457E+03 
21:34:00,5.070371E-01,3.105723E-01,9.494510E+03,3.695448E+03 
21:35:00,5.070371E-01,3.105723E-01,9.494510E+03,3.690439E+03 
21:36:00,5.070371E-01,3.105723E-01,9.494510E+03,3.685430E+03 
21:37:00,5.070371E-01,3.105723E-01,9.494510E+03,3.680421E+03 
21:38:00,5.070371E-01,3.105723E-01,9.494510E+03,3.675412E+03 
21:39:00,5.070371E-01,3.105723E-01,9.494510E+03,3.670403E+03 
21:40:00,5.070371E-01,3.105723E-01,9.494510E+03,3.665394E+03 
21:41:00,5.070371E-01,3.105723E-01,9.494510E+03,3.660385E+03 
21:42:00,5.070371E-01,3.105723E-01,9.494510E+03,3.655377E+03 
21:43:00,5.070371E-01,3.105723E-01,9.494510E+03,3.650368E+03 
21:44:00,5.070371E-01,3.105723E-01,9.494510E+03,3.645359E+03 
21:45:00,5.070371E-01,3.105723E-01,9.494510E+03,3.640350E+03 
21:46:00,5.070371E-01,3.105723E-01,9.494510E+03,3.635341E+03 
21:47:00,5.070371E-01,3.105723E-01,9.494510E+03,3.630332E+03 
21:48:00,5.070371E-01,3.105723E-01,9.494510E+03,3.625323E+03 
21:49:00,5.070371E-01,3.105723E-01,9.494510E+03,3.620314E+03 
21:50:00,5.070371E-01,3.105723E-01,9.494510E+03,3.615305E+03 
21:51:00,5.070371E-01,3.105723E-01,9.494510E+03,3.610296E+03 
21:52:00,5.070371E-01,3.105723E-01,9.494510E+03,3.605287E+03 
21:53:00,5.070371E-01,3.105723E-01,9.494510E+03,3.600279E+03 
21:54:00,5.070371E-01,3.105723E-01,9.494510E+03,3.595270E+03 
21:55:00,5.070371E-01,3.105723E-01,9.494510E+03,3.590261E+03 
21:56:00,5.070371E-01,3.105723E-01,9.494510E+03,3.585252E+03 
21:57:00,5.070371E-01,3.105723E-01,9.494510E+03,3.580243E+03 
21:58:00,5.070371E-01,3.105723E-01,9.494510E+03,3.575234E+03 
21:59:00,5.070371E-01,3.105723E-01,9.494510E+03,3.570225E+03 
22:00:00,5.070371E-01,3.105723E-01,9.494510E+03,3.565216E+03 
22:01:00,5.070371E-01,3.105723E-01,9.494510E+03,3.561320E+03 
22:02:00,5.070371E-01,3.105723E-01,9.494510E+03,3.557425E+03 
22:03:00,5.070371E-01,3.105723E-01,9.494510E+03,3.553529E+03 
22:04:00,5.070371E-01,3.105723E-01,9.494510E+03,3.549633E+03 
22:05:00,5.070371E-01,3.105723E-01,9.494510E+03,3.545737E+03 
22:06:00,5.070371E-01,3.105723E-01,9.494510E+03,3.541841E+03 
22:07:00,5.070371E-01,3.105723E-01,9.494510E+03,3.537946E+03 
22:08:00,5.070371E-01,3.105723E-01,9.494510E+03,3.534050E+03 
22:09:00,5.070371E-01,3.105723E-01,9.494510E+03,3.530154E+03 
22:10:00,5.070371E-01,3.105723E-01,9.494510E+03,3.526258E+03 
22:11:00,5.070371E-01,3.105723E-01,9.494510E+03,3.522362E+03 
22:12:00,5.070371E-01,3.105723E-01,9.494510E+03,3.518466E+03 
22:13:00,5.070371E-01,3.105723E-01,9.494510E+03,3.514571E+03 
22:14:00,5.070371E-01,3.105723E-01,9.494510E+03,3.510675E+03 
22:15:00,5.070371E-01,3.105723E-01,9.494510E+03,3.506779E+03 
22:16:00,5.070371E-01,3.105723E-01,9.494510E+03,3.502883E+03 
22:17:00,5.070371E-01,3.105723E-01,9.494510E+03,3.498987E+03 
22:18:00,5.070371E-01,3.105723E-01,9.494510E+03,3.495092E+03 
22:19:00,5.070371E-01,3.105723E-01,9.494510E+03,3.491196E+03 
22:20:00,5.070371E-01,3.105723E-01,9.494510E+03,3.487300E+03 
22:21:00,5.070371E-01,3.105723E-01,9.494510E+03,3.483404E+03 
22:22:00,5.070371E-01,3.105723E-01,9.494510E+03,3.479508E+03 
22:23:00,5.070371E-01,3.105723E-01,9.494510E+03,3.475613E+03 
22:24:00,5.070371E-01,3.105723E-01,9.494510E+03,3.471717E+03 
22:25:00,5.070371E-01,3.105723E-01,9.494510E+03,3.467821E+03 
22:26:00,5.070371E-01,3.105723E-01,9.494510E+03,3.463925E+03 
22:27:00,5.070371E-01,3.105723E-01,9.494510E+03,3.460029E+03 
22:28:00,5.070371E-01,3.105723E-01,9.494510E+03,3.456133E+03 
22:29:00,5.070371E-01,3.105723E-01,9.494510E+03,3.452238E+03 
22:30:00,5.070371E-01,3.105723E-01,9.494510E+03,3.448342E+03 
22:31:00,5.070371E-01,3.105723E-01,9.494510E+03,3.444446E+03 
22:32:00,5.070371E-01,3.105723E-01,9.494510E+03,3.440550E+03 
22:33:00,5.070371E-01,3.105723E-01,9.494510E+03,3.436654E+03 
22:34:00,5.070371E-01,3.105723E-01,9.494510E+03,3.432759E+03 
22:35:00,5.070371E-01,3.105723E-01,9.494510E+03,3.428863E+03 
22:36:00,5.070371E-01,3.105723E-01,9.494510E+03,3.424967E+03 
22:37:00,5.070371E-01,3.105723E-01,9.494510E+03,3.421071E+03 
22:38:00,5.070371E-01,3.105723E-01,9.494510E+03,3.417175E+03 
22:39:00,5.070371E-01,3.105723E-01,9.494510E+03,3.413279E+03 
22:40:00,5.070371E-01,3.105723E-01,9.494510E+03,3.409384E+03 
22:41:00,5.070371E-01,3.105723E-01,9.494510E+03,3.405488E+03 
22:42:00,5.070371E-01,3.105723E-01,9.494510E+03,3.401592E+03 
22:43:00,5.070371E-01,3.105723E-01,9.494510E+03,3.397696E+03 
22:44:00,5.070371E-01,3.105723E-01,9.494510E+03,3.393800E+03 
22:45:00,5.070371E-01,3.105723E-01,9.494510E+03,3.389905E+03 
22:46:00,5.070371E-01,3.105723E-01,9.494510E+03,3.386009E+03 
22:47:00,5.070371E-01,3.105723E-01,9.494510E+03,3.382113E+03 
22:48:00,5.070371E-01,3.105723E-01,9.494510E+03,3.378217E+03 
22:49:00,5.070371E-01,3.105723E-01,9.494510E+03,3.374321E+03 
22:50:00,5.070371E-01,3.105723E-01,9.494510E+03,3.370426E+03 
22:51:00,5.070371E-01,3.105723E-01,9.494510E+03,3.366530E+03 
22:52:00,5.070371E-01,3.105723E-01,9.494510E+03,3.362634E+03 
22:53:00,5.070371E-01,3.105723E-01,9.494510E+03,3.358738E+03 
22:54:00,5.070371E-01,3.105723E-01,9.494510E+03,3.354842E+03 
22:55:00,5.070371E-01,3.105723E-01,9.494510E+03,3.350946E+03 
22:56:00,5.070371E-01,3.105723E-01,9.494510E+03,3.347051E+03 
22:57:00,5.070371E-01,3.105723E-01,9.494510E+03,3.343155E+03 
22:58:00,5.070371E-01,3.105723E-01,9.494510E+03,3.339259E+03 
22:59:00,5.070371E-01,3.105723E-01,9.494510E+03,3.335363E+03 
23:00:00,5.070371E-01,3.105723E-01,9.494510E+03,3.331467E+03 
23:01:00,5.070371E-01,3.105723E-01,9.494510E+03,3.327572E+03 
23:02:00,5.070371E-01,3.105723E-01,9.494510E+03,3.323676E+03 
23:03:00,5.070371E-01,3.105723E-01,9.494510E+03,3.319780E+03 
23:04:00,5.070371E-01,3.105723E-01,9.494510E+03,3.315884E+03 
23:05:00,5.070371E-01,3.105723E-01,9.494510E+03,3.311988E+03 
23:06:00,5.070371E-01,3.105723E-01,9.494510E+03,3.308092E+03 
23:07:00,5.070371E-01,3.105723E-01,9.494510E+03,3.304197E+03 
23:08:00,5.070371E-01,3.105723E-01,9.494510E+03,3.300301E+03 
23:09:00,5.070371E-01,3.105723E-01,9.494510E+03,3.296405E+03 
23:10:00,5.070371E-01,3.105723E-01,9.494510E+03,3.292509E+03 
23:11:00,5.070371E-01,3.105723E-01,9.494510E+03,3.288613E+03 
23:12:00,5.070371E-01,3.105723E-01,9.494510E+03,3.284718E+03 
23:13:00,5.070371E-01,3.105723E-01,9.494510E+03,3.280822E+03 
23:14:00,5.070371E-01,3.105723E-01,9.494510E+03,3.276926E+03 
23:15:00,5.070371E-01,3.105723E-01,9.494510E+03,3.273030E+03 
23:16:00,5.070371E-01,3.105723E-01,9.494510E+03,3.269134E+03 
23:17:00,5.070371E-01,3.105723E-01,9.494510E+03,3.265239E+03 
23:18:00,5.070371E-01,3.105723E-01,9.494510E+03,3.261343E+03 
23:19:00,5.070371E-01,3.105723E-01,9.494510E+03,3.257447E+03 
23:20:00,5.070371E-01,3.105723E-01,9.494510E+03,3.253551E+03 
23:21:00,5.070371E-01,3.105723E-01,9.494510E+03,3.249655E+03 
23:22:00,5.070371E-01,3.105723E-01,9.494510E+03,3.245759E+03 
23:23:00,5.070371E-01,3.105723E-01,9.494510E+03,3.241864E+03 
23:24:00,5.070371E-01,3.105723E-01,9.494510E+03,3.237968E+03 
23:25:00,5.070371E-01,3.105723E-01,9.494510E+03,3.234072E+03 
23:26:00,5.070371E-01,3.105723E-01,9.494510E+03,3.230176E+03 
23:27:00,5.070371E-01,3.105723E-01,9.494510E+03,3.226280E+03 
23:28:00,5.070371E-01,3.105723E-01,9.494510E+03,3.222385E+03 
23:29:00,5.070371E-01,3.105723E-01,9.494510E+03,3.218489E+03 
23:30:00,5.070371E-01,3.105723E-01,9.494510E+03,3.214593E+03 
23:31:00,5.070371E-01,3.105723E-01,9.494510E+03,3.210697E+03 
23:32:00,5.070371E-01,3.105723E-01,9.494510E+03,3.206801E+03 
23:33:00,5.070371E-01,3.105723E-01,9.494510E+03,3.202905E+03 
23:34:00,5.070371E-01,3.105723E-01,9.494510E+03,3.199010E+03 
23:35:00,5.070371E-01,3.105723E-01,9.494510E+03,3.195114E+03 
23:36:00,5.070371E-01,3.105723E-01,9.494510E+03,3.191218E+03 
23:37:00,5.070371E-01,3.105723E-01,9.494510E+03,3.187322E+03 
23:38:00,5.070371E-01,3.105723E-01,9.494510E+03,3.183426E+03 
23:39:00,5.070371E-01,3.105723E-01,9.494510E+03,3.179531E+03 
23:40:00,5.070371E-01,3.105723E-01,9.494510E+03,3.175635E+03 
23:41:00,5.070371E-01,3.105723E-01,9.494510E+03,3.171739E+03 
23:42:00,5.070371E-01,3.105723E-01,9.494510E+03,3.167843E+03 
23:43:00,5.070371E-01,3.105723E-01,9.494510E+03,3.163947E+03 
23:44:00,5.070371E-01,3.105723E-01,9.494510E+03,3.160052E+03 
23:45:00,5.070371E-01,3.105723E-01,9.494510E+03,3.156156E+03 
23:46:00,5.070371E-01,3.105723E-01,9.494510E+03,3.152260E+03 
23:47:00,5.070371E-01,3.105723E-01,9.494510E+03,3.148364E+03 
23:48:00,5.070371E-01,3.105723E-01,9.494510E+03,3.144468E+03 
23:49:00,5.070371E-01,3.105723E-01,9.494510E+03,3.140572E+03 
23:50:00,5.070371E-01,3.105723E-01,9.494510E+03,3.136677E+03 
23:51:00,5.070371E-01,3.105723E-01,9.494510E+03,3.132781E+03 
23:52:00,5.070371E-01,3.105723E-01,9.494510E+03,3.128885E+03 
23:53:00,5.070371E-01,3.105723E-01,9.494510E+03,3.124989E+03 
23:54:00,5.070371E-01,3.105723E-01,9.494510E+03,3.121093E+03 
23:55:00,5.070371E-01,3.105723E-01,9.494510E+03,3.117198E+03 
23:56:00,5.070371E-01,3.105723E-01,9.494510E+03,3.113302E+03 
23:57:00,5.070371E-01,3.105723E-01,9.494510E+03,3.109406E+03 
23:58:00,5.070371E-01,3.105723E-01,9.494510E+03,3.105510E+03 
23:59:00,5.070371E-01,3.105723E-01,9.494510E+03,3.101614E+03 
24:00:00,5.070371E-01,3.105723E-01,9.494510E+03,3.097719E+03 
Coinc Peak   ,5.070371E-01,1.076599E+00,9.494510E+03,1.697546E+04 
NonCoinc Peak,5.070371E-01,1.245263E+00,9.494510E+03,1.697546E+04 
